census_geoid,census_mortgage_status_001_total_per,census_race_010_two_races_excluding_some_other_race_and_three_or_more_races,census_race_005_asian_alone_per,census_race_006_native_hawaiian_and_other_pacific_islander_alone,census_race_007_some_other_race_alone,census_mortgage_status_002_housing_units_with_a_mortgage_contract_to_purchase_or_similar_debt,census_name,census_race_004_american_indian_and_alaska_native_alone_per,census_race_006_native_hawaiian_and_other_pacific_islander_alone_per,census_mortgage_status_007_no_second_mortgage_and_no_home_equity_loan_per,census_mortgage_status_008_housing_units_without_a_mortgage_per,census_mortgage_status_006_both_second_mortgage_and_home_equity_loan,census_race_010_two_races_excluding_some_other_race_and_three_or_more_races_per,census_median_contract_001_median_contract_rent,census_race_003_black_or_african_american_alone,census_race_008_two_or_more_races_per,census_mortgage_status_007_no_second_mortgage_and_no_home_equity_loan,census_race_008_two_or_more_races,census_race_009_two_races_including_some_other_race,census_mortgage_status_003_with_either_a_second_mortgage_or_home_equity_loan_but_not_both_per,census_race_001_total_per,census_mortgage_status_001_total,census_race_001_total,census_mortgage_status_002_housing_units_with_a_mortgage_contract_to_purchase_or_similar_debt_per,census_median_contract_001_median_contract_rent_per,census_race_005_asian_alone,census_mortgage_status_005_home_equity_loan_only_per,census_race_003_black_or_african_american_alone_per,census_mortgage_status_006_both_second_mortgage_and_home_equity_loan_per,census_mortgage_status_004_second_mortgage_only,census_race_004_american_indian_and_alaska_native_alone,census_race_007_some_other_race_alone_per,census_race_002_white_alone_per,census_race_002_white_alone,census_mortgage_status_004_second_mortgage_only_per,census_mortgage_status_008_housing_units_without_a_mortgage,census_mortgage_status_005_home_equity_loan_only,census_population_001_total,census_race_009_two_races_including_some_other_race_per,census_mortgage_status_003_with_either_a_second_mortgage_or_home_equity_loan_but_not_both
14000US22071000100,0.2835633626097867,65.0,0,0.0,111.0,485.0,"Census Tract 1, Orleans, LA",0,0,0.16813048933500627,0.0807193642827269,0.0,0.027185278126306986,841.0,408.0,0.027185278126306986,402.0,65.0,0.0,0.034713508992053534,1.0,678.0,2391.0,0.20284399832705982,0.35173567544960266,0.0,0.02132998745294856,0.17063989962358847,0,32.0,0.0,0.04642409033877039,0.7557507319113341,1807.0,0.013383521539104977,193.0,51.0,2391.0,0,83.0
14000US22071000200,0.142974527526705,17.0,0,0.0,0.0,110.0,"Census Tract 2, Orleans, LA",0,0,0.08052588331963846,0.05258833196384552,0.0,0.013968775677896467,805.0,977.0,0.013968775677896467,98.0,17.0,0.0,0.009860312243221035,1.0,174.0,1217.0,0.09038619556285948,0.6614626129827444,0.0,0.0049301561216105174,0.8027937551355793,0,6.0,0.0,0,0.18323746918652423,223.0,0.0049301561216105174,64.0,6.0,1217.0,0,12.0
14000US22071000300,0.17344398340248962,0.0,0,0.0,4.0,112.0,"Census Tract 3, Orleans, LA",0,0,0.07966804979253111,0.08049792531120332,0.0,0,515.0,1100.0,0,96.0,0.0,0.0,0.013278008298755186,1.0,209.0,1205.0,0.09294605809128631,0.42738589211618255,0.0,0,0.9128630705394191,0,16.0,0.0,0.0033195020746887966,0.08381742738589211,101.0,0.013278008298755186,97.0,0.0,1205.0,0,16.0
14000US22071000400,0.19981875849569553,83.0,0,0.0,0.0,312.0,"Census Tract 4, Orleans, LA",0,0,0.11327594019030358,0.05845038513819665,0.0,0.037607612143180785,837.0,1826.0,0.037607612143180785,250.0,83.0,0.0,0.02809243316719529,1.0,441.0,2207.0,0.14136837335749886,0.3792478477571364,0.0,0.0095151789759855,0.8273674671499773,0,41.0,0.0,0,0.13502492070684186,298.0,0.018577254191209785,129.0,21.0,2207.0,0,62.0
14000US22071000601,0.06402048655569782,0.0,0,0.0,0.0,22.0,"Census Tract 6.01, Orleans, LA",0,0,0.028169014084507043,0.03585147247119078,0.0,0,307.0,781.0,0,22.0,0.0,0.0,0,1.0,50.0,781.0,0.028169014084507043,0.39308578745198464,0.0,0,1.0,0,0.0,0.0,0,0,0.0,0,28.0,0.0,781.0,0,0.0
14000US22071000602,0.18652685096917698,0.0,0.0022243406418811567,0.0,0.0,314.0,"Census Tract 6.02, Orleans, LA",0.0015888147442008262,0,0.08547823323800445,0.08674928503336511,0.0,0,640.0,2960.0,0,269.0,0.0,0.0,0.014299332697807437,1.0,587.0,3147.0,0.09977756593581188,0.20336828725770575,7.0,0.0076263107721639654,0.940578328566889,0,21.0,5.0,0,0.05560851604702892,175.0,0.00667302192564347,273.0,24.0,3147.0,0,45.0
14000US22071000603,0.09626038781163435,28.0,0.0443213296398892,0.0,413.0,70.0,"Census Tract 6.03, Orleans, LA",0,0,0.04016620498614958,0.04778393351800554,0.0,0.019390581717451522,876.0,831.0,0.019390581717451522,58.0,28.0,0.0,0.008310249307479225,1.0,139.0,1444.0,0.04847645429362881,0.6066481994459834,64.0,0.008310249307479225,0.5754847645429363,0,0.0,0.0,0.28601108033240996,0.07479224376731301,108.0,0,69.0,12.0,1444.0,0,12.0
14000US22071000604,0.16517392209956258,35.0,0.009581337221412205,0.0,103.0,556.0,"Census Tract 6.04, Orleans, LA",0,0,0.11351801707977505,0.04936471568423245,0.0,0.007290147885857113,782.0,4097.0,0.007290147885857113,545.0,35.0,0.0,0.0022911893355550927,1.0,793.0,4801.0,0.11580920641533014,0.1628827327640075,46.0,0.0022911893355550927,0.853363882524474,0,0.0,0.0,0.021453863778379503,0.10831076858987711,520.0,0,237.0,11.0,4801.0,0,11.0
14000US22071000605,0.20051303976058144,14.0,0.0012825994014536127,0.0,25.0,212.0,"Census Tract 6.05, Orleans, LA",0,0,0.08849935870029928,0.10987601539119282,0.0,0.005985463873450192,694.0,1418.0,0.005985463873450192,207.0,14.0,0.0,0.0021376656690893546,1.0,469.0,2339.0,0.09063702436938863,0.2967079948696024,3.0,0,0.6062419837537409,0,5.0,0.0,0.010688328345446772,0.3758016246259085,879.0,0.0021376656690893546,257.0,0.0,2339.0,0,5.0
14000US22071000606,0.32986832986832987,74.0,0.03026103026103026,53.0,1.0,1021.0,"Census Tract 6.06, Orleans, LA",0.005082005082005082,0.012243012243012243,0.20166320166320167,0.09401709401709402,0.0,0.017094017094017096,1190.0,2159.0,0.017094017094017096,873.0,74.0,0.0,0.03418803418803419,1.0,1428.0,4329.0,0.23585123585123585,0.2748902748902749,131.0,0.02587202587202587,0.49872949872949873,0,36.0,22.0,0.000231000231000231,0.43635943635943636,1889.0,0.008316008316008316,407.0,112.0,4329.0,0,148.0
14000US22071000607,0.37483011687958684,114.0,0,0.0,0.0,879.0,"Census Tract 6.07, Orleans, LA",0,0,0.18102745311225876,0.1359064963305246,0.0,0.03098668116335961,1267.0,1454.0,0.036694754009241645,666.0,135.0,21.0,0.05789616743680348,1.0,1379.0,3679.0,0.23892362054906224,0.3443870617015493,0.0,0.03696656700190269,0.3952160913291655,0,77.0,0.0,0,0.5680891546615928,2090.0,0.02092960043490079,500.0,136.0,3679.0,0.0057080728458820335,213.0
14000US22071000611,0.22065378900445765,0.0,0.1426448736998514,0.0,323.0,417.0,"Census Tract 6.11, Orleans, LA",0,0,0.0866765725606736,0.11738484398216939,32.0,0,726.0,3092.0,0,350.0,0.0,0.0,0.00866765725606736,1.0,891.0,4038.0,0.10326894502228826,0.17979197622585438,576.0,0,0.765725606736008,0.0079247152055473,35.0,0.0,0.07999009410599306,0.011639425458147598,47.0,0.00866765725606736,474.0,0.0,4038.0,0,35.0
14000US22071000612,0.3362521891418564,28.0,0.03152364273204904,0.0,103.0,439.0,"Census Tract 6.12, Orleans, LA",0.008172796263864565,0,0.2124927028604787,0.07997664915353181,9.0,0.01634559252772913,0.0,421.0,0.01634559252772913,364.0,28.0,0.0,0.03852889667250438,1.0,576.0,1713.0,0.2562755399883246,0,54.0,0.021015761821366025,0.24576765907764156,0.005253940455341506,30.0,14.0,0.060128429655575015,0.6380618797431407,1093.0,0.017513134851138354,137.0,36.0,1713.0,0,66.0
14000US22071000613,0.07204610951008646,0.0,0.00931057415207271,0.0,21.0,197.0,"Census Tract 6.13, Orleans, LA",0,0,0.037463976945244955,0.028375083130126356,0.0,0,657.0,3870.0,0,169.0,0.0,0.0,0.006207049434715141,1.0,325.0,4511.0,0.0436710263799601,0.1456439813788517,42.0,0.0022168033695411215,0.8579029040124141,0,18.0,0.0,0.004655287076036355,0.12813123475947683,578.0,0.003990246065174019,128.0,10.0,4511.0,0,28.0
14000US22071000615,0.17044776119402985,15.0,0.025671641791044777,0.0,0.0,381.0,"Census Tract 6.15, Orleans, LA",0.0014925373134328358,0,0.06388059701492538,0.056716417910447764,48.0,0.004477611940298508,704.0,2251.0,0.012835820895522388,214.0,43.0,28.0,0.035522388059701496,1.0,571.0,3350.0,0.11373134328358209,0.21014925373134327,86.0,0.022686567164179106,0.6719402985074627,0.014328358208955224,43.0,5.0,0,0.2880597014925373,965.0,0.012835820895522388,190.0,76.0,3350.0,0.00835820895522388,119.0
14000US22071000616,0.21502011622708986,12.0,0.005140813589628967,0.0,0.0,706.0,"Census Tract 6.16, Orleans, LA",0,0,0.14550737594993293,0.057219490388913725,0.0,0.002682163611980331,740.0,2976.0,0.002682163611980331,651.0,12.0,0.0,0.012293249888243183,1.0,962.0,4474.0,0.15780062583817614,0.16540008940545373,23.0,0.012293249888243183,0.665176575771122,0,0.0,0.0,0,0.32700044702726866,1463.0,0,256.0,55.0,4474.0,0,55.0
14000US22071000617,0.08960382876894443,0.0,0.026588673225206062,0.0,90.0,269.0,"Census Tract 6.17, Orleans, LA",0.00452007444828503,0,0.06248338207923425,0.01808029779314012,0.0,0,755.0,3034.0,0,235.0,0.0,0.0,0.00904014889657006,1.0,337.0,3761.0,0.07152353097580431,0.20074448285030577,100.0,0.0050518479127891515,0.806700345652752,0,15.0,17.0,0.023929805902685456,0.1382611007710715,520.0,0.003988300983780909,68.0,19.0,3761.0,0,34.0
14000US22071000618,0.3046097433211105,79.0,0.03143006809848088,0.0,55.0,943.0,"Census Tract 6.18, Orleans, LA",0.00392875851231011,0,0.1932949188056574,0.057621791513881616,54.0,0.02069146149816658,518.0,1858.0,0.031168150864326873,738.0,119.0,40.0,0.03954950235725511,1.0,1163.0,3818.0,0.2469879518072289,0.1356731272917758,120.0,0.014929282346778419,0.48664222105814564,0.014143530644316397,94.0,15.0,0.014405447878470404,0.4324253535882661,1651.0,0.02462022001047669,220.0,57.0,3818.0,0.010476689366160294,151.0
14000US22071000701,0.4036144578313253,0.0,0,0.0,0.0,43.0,"Census Tract 7.01, Orleans, LA",0,0,0.12951807228915663,0.2740963855421687,0.0,0,382.0,317.0,0,43.0,0.0,0.0,0,1.0,134.0,332.0,0.12951807228915663,1.1506024096385543,0.0,0,0.9548192771084337,0,0.0,0.0,0,0.045180722891566265,15.0,0,91.0,0.0,332.0,0,0.0
14000US22071000702,0.14607508532423208,4.0,0,0.0,0.0,59.0,"Census Tract 7.02, Orleans, LA",0.0027303754266211604,0,0.03754266211604096,0.10580204778156997,0.0,0.0027303754266211604,750.0,1341.0,0.0027303754266211604,55.0,4.0,0.0,0.0027303754266211604,1.0,214.0,1465.0,0.040273037542662114,0.5119453924914675,0.0,0.0027303754266211604,0.9153583617747441,0,0.0,4.0,0,0.07918088737201365,116.0,0,155.0,4.0,1465.0,0,4.0
14000US22071000800,0.2354679802955665,23.0,0,0.0,0.0,120.0,"Census Tract 8, Orleans, LA",0.005911330049261084,0,0.10541871921182266,0.11724137931034483,0.0,0.022660098522167486,712.0,951.0,0.022660098522167486,107.0,23.0,0.0,0.012807881773399015,1.0,239.0,1015.0,0.11822660098522167,0.7014778325123153,0.0,0,0.9369458128078818,0,13.0,6.0,0,0.034482758620689655,35.0,0.012807881773399015,119.0,0.0,1015.0,0,13.0
14000US22071000901,0.34334763948497854,0.0,0,0.0,0.0,67.0,"Census Tract 9.01, Orleans, LA",0,0,0.14377682403433475,0.19957081545064378,0.0,0,513.0,466.0,0,67.0,0.0,0.0,0,1.0,160.0,466.0,0.14377682403433475,1.1008583690987124,0.0,0,1.0,0,0.0,0.0,0,0,0.0,0,93.0,0.0,466.0,0,0.0
14000US22071000902,0.17829457364341086,0.0,0,0.0,0.0,22.0,"Census Tract 9.02, Orleans, LA",0,0,0.08527131782945736,0.09302325581395349,0.0,0,0.0,255.0,0,22.0,0.0,0.0,0,1.0,46.0,258.0,0.08527131782945736,0,0.0,0,0.9883720930232558,0,0.0,0.0,0,0.011627906976744186,3.0,0,24.0,0.0,258.0,0,0.0
14000US22071000903,0.2996742671009772,0.0,0,0.0,0.0,52.0,"Census Tract 9.03, Orleans, LA",0,0,0.16938110749185667,0.13029315960912052,0.0,0,284.0,307.0,0,52.0,0.0,0.0,0,1.0,92.0,307.0,0.16938110749185667,0.9250814332247557,0.0,0,1.0,0,0.0,0.0,0,0,0.0,0,40.0,0.0,307.0,0,0.0
14000US22071000904,0.30612244897959184,13.0,0.0282574568288854,1.0,0.0,63.0,"Census Tract 9.04, Orleans, LA",0,0.0015698587127158557,0.0989010989010989,0.20722135007849293,0.0,0.02040816326530612,648.0,593.0,0.02040816326530612,63.0,13.0,0.0,0,1.0,195.0,637.0,0.0989010989010989,1.0172684458398744,18.0,0,0.9309262166405023,0,0.0,0.0,0,0.018838304552590265,12.0,0,132.0,0.0,637.0,0,0.0
14000US22071001100,0.20078519349411106,33.0,0,0.0,17.0,228.0,"Census Tract 11, Orleans, LA",0.0028042624789680315,0,0.09646662927650028,0.07291082445316882,0.0,0.018508132361189006,727.0,877.0,0.018508132361189006,172.0,33.0,0.0,0.03140773976444195,1.0,358.0,1783.0,0.12787436904094224,0.40773976444195176,0.0,0.014021312394840156,0.4918676388109927,0,31.0,5.0,0.009534492428491307,0.47728547392035897,851.0,0.017386427369601793,130.0,25.0,1783.0,0,56.0
14000US22071001200,0.23159303882195448,73.0,0,0.0,8.0,205.0,"Census Tract 12, Orleans, LA",0,0,0.11981258366800536,0.09437751004016064,0.0,0.048862115127175365,828.0,288.0,0.048862115127175365,179.0,73.0,0.0,0.01740294511378849,1.0,346.0,1494.0,0.13721552878179386,0.5542168674698795,0.0,0.004685408299866131,0.1927710843373494,0,19.0,0.0,0.00535475234270415,0.7530120481927711,1125.0,0.012717536813922356,141.0,7.0,1494.0,0,26.0
14000US22071001301,0.2058660763696735,5.0,0.0011068068622025456,0.0,57.0,203.0,"Census Tract 13.01, Orleans, LA",0.00774764803541782,0,0.09075816270060874,0.09352517985611511,0.0,0.002767017155506364,835.0,1501.0,0.002767017155506364,164.0,5.0,0.0,0.02158273381294964,1.0,372.0,1807.0,0.11234089651355839,0.46209186496956284,2.0,0.018262313226342003,0.8306585500830105,0,6.0,14.0,0.03154399557277255,0.1261759822910902,228.0,0.003320420586607637,169.0,33.0,1807.0,0,39.0
14000US22071001302,0.14299802761341224,0.0,0.004930966469428008,0.0,0.0,51.0,"Census Tract 13.02, Orleans, LA",0,0,0.05029585798816568,0.09270216962524655,0.0,0,684.0,951.0,0,51.0,0.0,0.0,0,1.0,145.0,1014.0,0.05029585798816568,0.6745562130177515,5.0,0,0.9378698224852071,0,0.0,0.0,0,0.05719921104536489,58.0,0,94.0,0.0,1014.0,0,0.0
14000US22071001401,0.20995475113122172,0.0,0,0.0,56.0,64.0,"Census Tract 14.01, Orleans, LA",0.0009049773755656109,0,0.0579185520361991,0.1520361990950226,0.0,0,623.0,1037.0,0,64.0,0.0,0.0,0,1.0,232.0,1105.0,0.0579185520361991,0.5638009049773756,0.0,0,0.9384615384615385,0,0.0,1.0,0.05067873303167421,0.009954751131221719,11.0,0,168.0,0.0,1105.0,0,0.0
14000US22071001402,0.28937990021382753,72.0,0,0.0,0.0,201.0,"Census Tract 14.02, Orleans, LA",0,0,0.13328581610833928,0.14611546685673557,0.0,0.05131860299358518,846.0,1213.0,0.05131860299358518,187.0,72.0,0.0,0.009978617248752673,1.0,406.0,1403.0,0.14326443335709194,0.6029935851746258,0.0,0,0.864575908766928,0,14.0,0.0,0,0.08410548823948681,118.0,0.009978617248752673,205.0,0.0,1403.0,0,14.0
14000US22071001500,0.14448236632536973,6.0,0.0011376564277588168,0.0,0.0,65.0,"Census Tract 15, Orleans, LA",0,0,0.07394766780432309,0.07053469852104664,0.0,0.006825938566552901,626.0,733.0,0.006825938566552901,65.0,6.0,0.0,0,1.0,127.0,879.0,0.07394766780432309,0.7121729237770194,1.0,0,0.8339021615472128,0,0.0,0.0,0,0.15813424345847554,139.0,0,62.0,0.0,879.0,0,0.0
14000US22071001600,0,0.0,0,0.0,0.0,0.0,"Census Tract 16, Orleans, LA",0,0,0,0,0.0,0,0.0,0.0,0,0.0,0.0,0.0,0,0,0.0,0.0,0,0,0.0,0,0,0,0.0,0.0,0,0,0.0,0,0.0,0.0,0.0,0,0.0
14000US22071001701,0.33650329188002925,0.0,0,0.0,0.0,205.0,"Census Tract 17.01, Orleans, LA",0,0,0.11046086320409657,0.18653986832479882,0.0,0,913.0,1355.0,0.006583760058522311,151.0,9.0,9.0,0.03950256035113387,1.0,460.0,1367.0,0.14996342355523043,0.667885881492319,0.0,0.029261155815654718,0.9912216532553035,0,14.0,0.0,0,0.0021945866861741038,3.0,0.010241404535479151,255.0,40.0,1367.0,0.006583760058522311,54.0
14000US22071001702,0.23760932944606414,112.0,0.02077259475218659,0.0,0.0,341.0,"Census Tract 17.02, Orleans, LA",0,0,0.10459183673469388,0.11333819241982507,0.0,0.04081632653061224,912.0,2125.0,0.04081632653061224,287.0,112.0,0.0,0.01967930029154519,1.0,652.0,2744.0,0.12427113702623907,0.3323615160349854,57.0,0.010932944606413994,0.7744169096209913,0,24.0,0.0,0,0.16399416909620992,450.0,0.008746355685131196,311.0,30.0,2744.0,0,54.0
14000US22071001720,0.24391891891891893,62.0,0.0033783783783783786,0.0,14.0,363.0,"Census Tract 17.20, Orleans, LA",0,0,0.08952702702702703,0.12128378378378378,0.0,0.020945945945945947,726.0,2814.0,0.020945945945945947,265.0,62.0,0.0,0.03310810810810811,1.0,722.0,2960.0,0.12263513513513513,0.24527027027027026,10.0,0.022972972972972974,0.9506756756756757,0,30.0,0.0,0.00472972972972973,0.02027027027027027,60.0,0.010135135135135136,359.0,68.0,2960.0,0,98.0
14000US22071001722,0.2566829548720897,27.0,0,22.0,23.0,470.0,"Census Tract 17.22, Orleans, LA",0,0.006323656223052601,0.12043690715722909,0.12158666283414775,0.0,0.0077608508192009195,742.0,3346.0,0.0077608508192009195,419.0,27.0,0.0,0.01465938488071285,1.0,893.0,3479.0,0.13509629203794193,0.21327967806841047,0.0,0.009772923253808566,0.9617706237424547,0,17.0,0.0,0.006611095142282265,0.017533774073009486,61.0,0.004886461626904283,423.0,34.0,3479.0,0,51.0
14000US22071001723,0.24104627766599598,150.0,0.0006036217303822937,0.0,14.0,587.0,"Census Tract 17.23, Orleans, LA",0.003420523138832998,0,0.11146881287726358,0.12293762575452716,0.0,0.030181086519114688,855.0,4590.0,0.030181086519114688,554.0,150.0,0.0,0.006639839034205231,1.0,1198.0,4970.0,0.11810865191146881,0.1720321931589537,3.0,0.002414486921529175,0.9235412474849095,0,21.0,17.0,0.0028169014084507044,0.03943661971830986,196.0,0.004225352112676056,611.0,12.0,4970.0,0,33.0
14000US22071001724,0.18485999050783103,0.0,0.05054579971523493,0.0,48.0,471.0,"Census Tract 17.24, Orleans, LA",0,0,0.10014238253440912,0.07308970099667775,0.0,0,761.0,3630.0,0.006644518272425249,422.0,28.0,28.0,0.011627906976744186,1.0,779.0,4214.0,0.1117702895111533,0.18058851447555765,213.0,0.003559563360227812,0.8614143331751305,0,34.0,0.0,0.011390602752728999,0.0700047460844803,295.0,0.008068343616516375,308.0,15.0,4214.0,0.006644518272425249,49.0
14000US22071001725,0.14454277286135694,0.0,0,0.0,159.0,518.0,"Census Tract 17.25, Orleans, LA",0,0,0.07999305917057088,0.05465903175429464,0.0,0,767.0,5463.0,0.0024292903001908728,461.0,14.0,14.0,0.00989068193649141,1.0,833.0,5763.0,0.08988374110706229,0.13309040430331426,0.0,0.0024292903001908728,0.9479437792816241,0,43.0,0.0,0.027589796980739198,0.022037133437445774,127.0,0.007461391636300538,315.0,14.0,5763.0,0.0024292903001908728,57.0
14000US22071001730,0.2734375,0.0,0,0.0,0.0,94.0,"Census Tract 17.30, Orleans, LA",0,0,0.11588541666666667,0.15104166666666666,0.0,0,1005.0,724.0,0,89.0,0.0,0.0,0.006510416666666667,1.0,210.0,768.0,0.12239583333333333,1.30859375,0.0,0.006510416666666667,0.9427083333333334,0,0.0,0.0,0,0.057291666666666664,44.0,0,116.0,5.0,768.0,0,5.0
14000US22071001734,0.416403785488959,18.0,0.0694006309148265,0.0,12.0,145.0,"Census Tract 17.34, Orleans, LA",0.011041009463722398,0,0.17981072555205047,0.18769716088328076,0.0,0.028391167192429023,0.0,0.0,0.028391167192429023,114.0,18.0,0.0,0.04889589905362776,1.0,264.0,634.0,0.22870662460567823,0,44.0,0.04889589905362776,0,0,0.0,7.0,0.01892744479495268,0.8722397476340694,553.0,0,119.0,31.0,634.0,0,31.0
14000US22071001735,0.22365869424692955,0.0,0,0.0,0.0,122.0,"Census Tract 17.35, Orleans, LA",0,0,0.06851971557853911,0.14479638009049775,0.0,0,745.0,1480.0,0,106.0,0.0,0.0,0.010342598577892695,1.0,346.0,1547.0,0.0788623141564318,0.48157724628312865,0.0,0,0.9566903684550744,0,16.0,0.0,0,0.04330963154492566,67.0,0.010342598577892695,224.0,0.0,1547.0,0,16.0
14000US22071001736,0.09193245778611632,0.0,0.0068792995622263915,0.0,13.0,73.0,"Census Tract 17.36, Orleans, LA",0,0,0.043777360850531584,0.046278924327704814,0.0,0,755.0,1478.0,0,70.0,0.0,0.0,0.001876172607879925,1.0,147.0,1599.0,0.045653533458411506,0.4721701063164478,11.0,0,0.9243277048155097,0,3.0,0.0,0.008130081300813009,0.060662914321450906,97.0,0.001876172607879925,74.0,0.0,1599.0,0,3.0
14000US22071001737,0.15214180206794684,0.0,0,0.0,0.0,202.0,"Census Tract 17.37, Orleans, LA",0.0033234859675036928,0,0.07459379615952733,0.0775480059084195,0.0,0,711.0,2515.0,0,202.0,0.0,0.0,0,1.0,412.0,2708.0,0.07459379615952733,0.2625553914327917,0.0,0,0.9287296898079763,0,0.0,9.0,0,0.06794682422451995,184.0,0,210.0,0.0,2708.0,0,0.0
14000US22071001739,0.20392836510687465,0.0,0,0.0,0.0,236.0,"Census Tract 17.39, Orleans, LA",0,0,0.12073945696129405,0.06759098786828423,0.0,0,737.0,1731.0,0,209.0,0.0,0.0,0.01559792027729636,1.0,353.0,1731.0,0.1363373772385904,0.42576545349508954,0.0,0,1.0,0,27.0,0.0,0,0,0.0,0.01559792027729636,117.0,0.0,1731.0,0,27.0
14000US22071001740,0.20865844450037754,153.0,0.006040775232821546,0.0,122.0,584.0,"Census Tract 17.40, Orleans, LA",0,0,0.12811477472942362,0.06166624716838661,0.0,0.038509942109237354,706.0,3583.0,0.043040523533853514,509.0,171.0,18.0,0.01887742260256733,1.0,829.0,3973.0,0.14699219733199093,0.17769947143216713,24.0,0.01661213189025925,0.9018374024666499,0,9.0,0.0,0.03070727410017619,0.018374024666498866,73.0,0.0022652907123080794,245.0,66.0,3973.0,0.004530581424616159,75.0
14000US22071001741,0.3249607535321821,0.0,0.2990580847723705,0.0,0.0,173.0,"Census Tract 17.41, Orleans, LA",0,0,0.13108320251177394,0.1891679748822606,0.0,0,967.0,858.0,0,167.0,0.0,0.0,0.004709576138147566,1.0,414.0,1274.0,0.1357927786499215,0.7590266875981162,381.0,0.004709576138147566,0.673469387755102,0,0.0,0.0,0,0.027472527472527472,35.0,0,241.0,6.0,1274.0,0,6.0
14000US22071001743,0.13835770528683913,17.0,0,0.0,8.0,182.0,"Census Tract 17.43, Orleans, LA",0,0,0.09786276715410573,0.0359955005624297,0.0,0.009561304836895388,724.0,1721.0,0.009561304836895388,174.0,17.0,0.0,0.0044994375703037125,1.0,246.0,1778.0,0.10236220472440945,0.40719910011248595,0.0,0,0.967941507311586,0,8.0,0.0,0.0044994375703037125,0.01799775028121485,32.0,0.0044994375703037125,64.0,0.0,1778.0,0,8.0
14000US22071001744,0.0904474769914313,0.0,0,0.0,0.0,168.0,"Census Tract 17.44, Orleans, LA",0,0,0.050777530942557915,0.037131069501745474,0.0,0,803.0,3034.0,0.006029831799428753,160.0,19.0,19.0,0.0025388765471278957,1.0,285.0,3151.0,0.053316407489685816,0.25483973341796257,0.0,0.0025388765471278957,0.9628689304982545,0,0.0,0.0,0,0.031101237702316726,98.0,0,117.0,8.0,3151.0,0.006029831799428753,8.0
14000US22071001745,0.22549609140108237,0.0,0.0006013229104028864,0.0,167.0,472.0,"Census Tract 17.45, Orleans, LA",0.0018039687312086591,0,0.13319302465423932,0.0835838845460012,0.0,0,761.0,2973.0,0,443.0,0.0,0.0,0.008719182200841852,1.0,750.0,3326.0,0.14191220685508119,0.22880336740829826,2.0,0.008719182200841852,0.8938665063138905,0,0.0,6.0,0.05021046301864101,0.05351773902585689,178.0,0,278.0,29.0,3326.0,0,29.0
14000US22071001746,0.24009088613986368,11.0,0,0.0,0.0,549.0,"Census Tract 17.46, Orleans, LA",0,0,0.12900782630648827,0.10148952284776572,0.0,0.002777076495834385,778.0,3868.0,0.002777076495834385,511.0,11.0,0.0,0.009593536985609694,1.0,951.0,3961.0,0.13860136329209796,0.19641504670537743,0.0,0.009593536985609694,0.9765210805352184,0,0.0,0.0,0,0.020701842968947236,82.0,0,402.0,38.0,3961.0,0,38.0
14000US22071001747,0.3171362852213916,0.0,0.20414031052328924,0.0,0.0,736.0,"Census Tract 17.47, Orleans, LA",0,0,0.15986198964922368,0.10552041403105233,0.0,0,1234.0,2676.0,0,556.0,0.0,0.0,0.051753881541115584,1.0,1103.0,3478.0,0.21161587119033928,0.35480161012075906,710.0,0.03479010925819436,0.7694077055779184,0,59.0,0.0,0,0.02645198389879241,92.0,0.01696377228292122,367.0,121.0,3478.0,0,180.0
14000US22071001748,0.2848376374328816,0.0,0.09102531321912555,0.0,2.0,522.0,"Census Tract 17.48, Orleans, LA",0,0,0.1257990283814881,0.15136793658910763,0.0,0,866.0,3304.0,0,492.0,0.0,0.0,0.0076706724622858605,1.0,1114.0,3911.0,0.13346970084377396,0.22142674507798518,356.0,0.005625159805676298,0.8447967271797494,0,8.0,0.0,0.0005113781641523907,0.06366658143697264,249.0,0.002045512656609563,592.0,22.0,3911.0,0,30.0
14000US22071001749,0.1876058245851676,5.0,0.48357602438198444,182.0,104.0,228.0,"Census Tract 17.49, Orleans, LA",0.004063664070436844,0.06163223840162547,0.06400270910938029,0.11039620724686759,0.0,0.0016931933626820183,583.0,1133.0,0.0016931933626820183,189.0,5.0,0.0,0.013206908228919742,1.0,554.0,2953.0,0.07720961733830004,0.19742634608872334,1428.0,0.0060954961056552655,0.38367761598374533,0,21.0,12.0,0.03521842194378598,0.030138841855739926,89.0,0.007111412123264477,326.0,18.0,2953.0,0,39.0
14000US22071001750,0.1709126088358594,16.0,0.6678490809416318,0.0,59.0,108.0,"Census Tract 17.50, Orleans, LA",0.041599484037407285,0,0.02966784908094163,0.1360851338277975,0.0,0.0051596259271202835,536.0,468.0,0.017736214124475975,92.0,55.0,39.0,0.0051596259271202835,1.0,530.0,3101.0,0.034827475008061916,0.1728474685585295,2071.0,0.003869719445340213,0.1509190583682683,0,4.0,129.0,0.019026120606256046,0.10287004192196066,319.0,0.0012899064817800709,422.0,12.0,3101.0,0.012576588197355692,16.0
14000US22071001751,0.032171581769437,0.0,0,0.0,33.0,2.0,"Census Tract 17.51, Orleans, LA",0.002680965147453083,0,0,0.02680965147453083,0.0,0,597.0,269.0,0,0.0,0.0,0.0,0.005361930294906166,1.0,12.0,373.0,0.005361930294906166,1.6005361930294906,0.0,0,0.7211796246648794,0,2.0,1.0,0.08847184986595175,0.1876675603217158,70.0,0.005361930294906166,10.0,0.0,373.0,0,2.0
14000US22071001800,0.19171779141104295,16.0,0.0007668711656441718,0.0,76.0,147.0,"Census Tract 18, Orleans, LA",0,0,0.08358895705521473,0.0789877300613497,0.0,0.012269938650306749,909.0,57.0,0.03450920245398773,109.0,45.0,29.0,0.029141104294478526,1.0,250.0,1304.0,0.11273006134969325,0.6970858895705522,1.0,0.02223926380368098,0.04371165644171779,0,9.0,0.0,0.05828220858895705,0.8627300613496932,1125.0,0.006901840490797546,103.0,29.0,1304.0,0.02223926380368098,38.0
14000US22071001900,0.17737003058103976,6.0,0,0.0,32.0,124.0,"Census Tract 19, Orleans, LA",0,0,0.09480122324159021,0.08256880733944955,0.0,0.0045871559633027525,640.0,922.0,0.0045871559633027525,124.0,6.0,0.0,0,1.0,232.0,1308.0,0.09480122324159021,0.4892966360856269,0.0,0,0.7048929663608563,0,0.0,0.0,0.024464831804281346,0.26605504587155965,348.0,0,108.0,0.0,1308.0,0,0.0
14000US22071002000,0.12199630314232902,33.0,0,0.0,0.0,106.0,"Census Tract 20, Orleans, LA",0,0,0.06531115218730746,0.056685150955021565,0.0,0.02033271719038817,710.0,1480.0,0.02033271719038817,106.0,33.0,0.0,0,1.0,198.0,1623.0,0.06531115218730746,0.4374614910659273,0.0,0,0.9118915588416513,0,0.0,0.0,0,0.06777572396796057,110.0,0,92.0,0.0,1623.0,0,0.0
14000US22071002100,0.21739130434782608,13.0,0,0.0,0.0,19.0,"Census Tract 21, Orleans, LA",0,0,0.019130434782608695,0.18434782608695652,0.0,0.022608695652173914,620.0,530.0,0.022608695652173914,11.0,13.0,0.0,0.01391304347826087,1.0,125.0,575.0,0.03304347826086956,1.0782608695652174,0.0,0.01391304347826087,0.9217391304347826,0,0.0,0.0,0,0.05565217391304348,32.0,0,106.0,8.0,575.0,0,8.0
14000US22071002200,0.2025974025974026,0.0,0,0.0,0.0,56.0,"Census Tract 22, Orleans, LA",0,0,0.07012987012987013,0.12987012987012986,0.0,0,623.0,747.0,0,54.0,0.0,0.0,0.0025974025974025974,1.0,156.0,770.0,0.07272727272727272,0.8090909090909091,0.0,0,0.9701298701298702,0,2.0,0.0,0,0.02987012987012987,23.0,0.0025974025974025974,100.0,0.0,770.0,0,2.0
14000US22071002300,0.29187396351575456,4.0,0,0.0,0.0,279.0,"Census Tract 23, Orleans, LA",0,0,0.13266998341625208,0.13764510779436154,0.0,0.002211166390270868,728.0,1748.0,0.002211166390270868,240.0,4.0,0.0,0.02155887230514096,1.0,528.0,1809.0,0.15422885572139303,0.40243228302929795,0.0,0.012161415146489774,0.9662797125483693,0,17.0,0.0,0,0.03150912106135987,57.0,0.009397457158651189,249.0,22.0,1809.0,0,39.0
14000US22071002401,0.262157629960872,59.0,0,0.0,32.0,283.0,"Census Tract 24.01, Orleans, LA",0.004471771939631079,0,0.12968138624930128,0.10396869759642258,10.0,0.03297931805477921,972.0,1578.0,0.03297931805477921,232.0,59.0,0.0,0.022917831190609278,1.0,469.0,1789.0,0.15818893236444942,0.5433202906651761,0.0,0.013415315818893237,0.8820570150922303,0.005589714924538848,17.0,8.0,0.017887087758524316,0.0626048071548351,112.0,0.009502515371716043,186.0,24.0,1789.0,0,41.0
14000US22071002402,0.2321748477248298,43.0,0,0.0,0.0,433.0,"Census Tract 24.02, Orleans, LA",0,0,0.13256897169473308,0.07703332139018274,0.0,0.015406664278036546,736.0,2547.0,0.015406664278036546,370.0,43.0,0.0,0.02257255463991401,1.0,648.0,2791.0,0.1551415263346471,0.26370476531709064,0.0,0.02257255463991401,0.9125761375850949,0,0.0,0.0,0,0.07201719813686851,201.0,0,215.0,63.0,2791.0,0,63.0
14000US22071002501,0.2605042016806723,24.0,0,0.0,0.0,182.0,"Census Tract 25.01, Orleans, LA",0,0,0.11459129106187929,0.12146676852559206,0.0,0.01833460656990069,729.0,982.0,0.02291825821237586,150.0,30.0,6.0,0.024446142093200916,1.0,341.0,1309.0,0.13903743315508021,0.5569136745607334,0.0,0,0.7501909854851031,0,32.0,0.0,0,0.226890756302521,297.0,0.024446142093200916,159.0,0.0,1309.0,0.004583651642475172,32.0
14000US22071002502,0.2118071203244705,0.0,0,0.0,0.0,275.0,"Census Tract 25.02, Orleans, LA",0,0,0.11041009463722397,0.0878774222622803,0.0,0,1033.0,2081.0,0,245.0,0.0,0.0,0.013519603424966201,1.0,470.0,2219.0,0.12392969806219017,0.46552501126633616,0.0,0.013519603424966201,0.9378098242451555,0,0.0,0.0,0,0.06219017575484453,138.0,0,195.0,30.0,2219.0,0,30.0
14000US22071002503,0.23892002037697402,0.0,0,0.0,12.0,277.0,"Census Tract 25.03, Orleans, LA",0,0,0.11767702496179318,0.097809475292919,14.0,0,911.0,1444.0,0,231.0,0.0,0.0,0.0163015792154865,1.0,469.0,1963.0,0.14111054508405502,0.4640855832908813,0.0,0.010697911360163017,0.7356087620988283,0.007131940906775344,11.0,0.0,0.006113092205807438,0.2582781456953642,507.0,0.0056036678553234845,192.0,21.0,1963.0,0,32.0
14000US22071002504,0.24653506929861402,64.0,0,0.0,10.0,333.0,"Census Tract 25.04, Orleans, LA",0.00629987400251995,0,0.11969760604787905,0.10667786644267115,4.0,0.026879462410751787,855.0,1810.0,0.030239395212095756,285.0,72.0,8.0,0.018479630407391853,1.0,587.0,2381.0,0.13985720285594289,0.35909281814363714,0.0,0.015119697606047878,0.7601847963040739,0.0016799664006719867,8.0,15.0,0.004199916001679967,0.1990760184796304,474.0,0.0033599328013439733,254.0,36.0,2381.0,0.0033599328013439733,44.0
14000US22071002600,0.24040550325850832,0.0,0.06010137581462708,0.0,0.0,175.0,"Census Tract 26, Orleans, LA",0.007965242577842143,0,0.1173062997827661,0.11368573497465605,13.0,0,702.0,95.0,0,162.0,0.0,0.0,0,1.0,332.0,1381.0,0.12671976828385229,0.5083272990586531,83.0,0,0.06879073135409124,0.00941346850108617,0.0,11.0,0,0.8631426502534395,1192.0,0,157.0,0.0,1381.0,0,0.0
14000US22071002700,0.09520993494973388,21.0,0.013010053222945003,0.0,37.0,97.0,"Census Tract 27, Orleans, LA",0,0,0.05736250739207569,0.03784742755765819,0.0,0.012418687167356593,747.0,1382.0,0.012418687167356593,97.0,21.0,0.0,0,1.0,161.0,1691.0,0.05736250739207569,0.4417504435245417,22.0,0,0.8172678888231816,0,0.0,0.0,0.02188054405677114,0.1354228267297457,229.0,0,64.0,0.0,1691.0,0,0.0
14000US22071002800,0.1198581560283688,0.0,0.007801418439716312,0.0,0.0,55.0,"Census Tract 28, Orleans, LA",0.0007092198581560284,0,0.031914893617021274,0.08085106382978724,10.0,0,546.0,1390.0,0,45.0,0.0,0.0,0,1.0,169.0,1410.0,0.03900709219858156,0.3872340425531915,11.0,0,0.9858156028368794,0.0070921985815602835,0.0,1.0,0,0.005673758865248227,8.0,0,114.0,0.0,1410.0,0,0.0
14000US22071002900,0.08796680497925312,0.0,0,0.0,0.0,54.0,"Census Tract 29, Orleans, LA",0,0,0.044813278008298756,0.043153526970954356,0.0,0,563.0,1097.0,0,54.0,0.0,0.0,0,1.0,106.0,1205.0,0.044813278008298756,0.46721991701244814,0.0,0,0.9103734439834025,0,0.0,0.0,0,0.08962655601659751,108.0,0,52.0,0.0,1205.0,0,0.0
14000US22071003000,0.16026711185308848,5.0,0,0.0,0.0,81.0,"Census Tract 30, Orleans, LA",0.008347245409015025,0,0.05509181969949917,0.09265442404006678,0.0,0.004173622704507512,761.0,1157.0,0.004173622704507512,66.0,5.0,0.0,0.012520868113522538,1.0,192.0,1198.0,0.0676126878130217,0.6352253756260434,0.0,0,0.9657762938230384,0,15.0,10.0,0,0.021702838063439065,26.0,0.012520868113522538,111.0,0.0,1198.0,0,15.0
14000US22071003100,0.1632208922742111,54.0,0,0.0,9.0,56.0,"Census Tract 31, Orleans, LA",0,0,0.014145810663764961,0.10228509249183895,0.0,0.058759521218716,756.0,816.0,0.0750816104461371,13.0,69.0,15.0,0.046789989118607184,1.0,150.0,919.0,0.060935799782372145,0.8226332970620239,0.0,0.020674646354733407,0.8879216539717084,0,24.0,0.0,0.009793253536452665,0.02720348204570185,25.0,0.026115342763873776,94.0,19.0,919.0,0.01632208922742111,43.0
14000US22071003301,0.30020422055820284,0.0,0,0.0,76.0,321.0,"Census Tract 33.01, Orleans, LA",0,0,0.20694349897889722,0.08168822328114364,0.0,0,853.0,648.0,0,304.0,0.0,0.0,0.011572498298162015,1.0,441.0,1469.0,0.21851599727705923,0.5806671204901294,0.0,0.008849557522123894,0.4411164057181756,0,4.0,0.0,0.051735874744724304,0.5071477195371,745.0,0.002722940776038121,120.0,13.0,1469.0,0,17.0
14000US22071003302,0.28272251308900526,64.0,0.04096088697259008,0.0,32.0,502.0,"Census Tract 33.02, Orleans, LA",0.0036957191253464737,0,0.1222667077302125,0.1281182630120111,16.0,0.01971050200184786,1139.0,2881.0,0.01971050200184786,397.0,64.0,0.0,0.02740991684631968,1.0,918.0,3247.0,0.15460425007699416,0.3507853403141361,133.0,0,0.8872805666769326,0.004927625500461965,89.0,12.0,0.00985525100092393,0.0384970742223591,125.0,0.02740991684631968,416.0,0.0,3247.0,0,89.0
14000US22071003303,0.2278889606197547,20.0,0.030342156229825695,0.0,25.0,125.0,"Census Tract 33.03, Orleans, LA",0.0032278889606197547,0,0.0632666236281472,0.14719173660426083,0.0,0.012911555842479019,701.0,1200.0,0.012911555842479019,98.0,20.0,0.0,0.017430600387346677,1.0,353.0,1549.0,0.08069722401549387,0.4525500322788896,47.0,0.006455777921239509,0.7746933505487411,0,17.0,5.0,0.016139444803098774,0.16268560361523562,252.0,0.010974822466107165,228.0,10.0,1549.0,0,27.0
14000US22071003304,0.16653992395437262,3.0,0,0.0,0.0,113.0,"Census Tract 33.04, Orleans, LA",0.006083650190114068,0,0.0714828897338403,0.0806083650190114,0.0,0.0022813688212927757,543.0,1166.0,0.0022813688212927757,94.0,3.0,0.0,0.014448669201520912,1.0,219.0,1315.0,0.08593155893536121,0.4129277566539924,0.0,0,0.8866920152091254,0,19.0,8.0,0,0.10494296577946768,138.0,0.014448669201520912,106.0,0.0,1315.0,0,19.0
14000US22071003307,0.19816053511705686,0.0,0,0.0,98.0,114.0,"Census Tract 33.07, Orleans, LA",0.011705685618729096,0,0.08110367892976589,0.1028428093645485,0.0,0,632.0,1066.0,0,97.0,0.0,0.0,0.014214046822742474,1.0,237.0,1196.0,0.09531772575250837,0.5284280936454849,0.0,0,0.8913043478260869,0,17.0,14.0,0.08193979933110368,0.015050167224080268,18.0,0.014214046822742474,123.0,0.0,1196.0,0,17.0
14000US22071003308,0.21351995235259083,126.0,0.00357355568790947,0.0,198.0,355.0,"Census Tract 33.08, Orleans, LA",0,0,0.1015485407980941,0.10780226325193568,0.0,0.03752233472304944,669.0,2784.0,0.04437164979154259,341.0,149.0,23.0,0.004169148302561048,1.0,717.0,3358.0,0.10571768910065515,0.19922572960095294,12.0,0.0011911852293031567,0.8290649195949971,0,10.0,0.0,0.05896366885050625,0.06402620607504467,215.0,0.0029779630732578916,362.0,4.0,3358.0,0.00684931506849315,14.0
14000US22071003400,0.08707360861759425,0.0,0,0.0,11.0,57.0,"Census Tract 34, Orleans, LA",0,0,0.05116696588868941,0.03590664272890485,0.0,0,639.0,794.0,0,57.0,0.0,0.0,0,1.0,97.0,1114.0,0.05116696588868941,0.573608617594255,0.0,0,0.7127468581687613,0,0.0,0.0,0.009874326750448833,0.27737881508078993,309.0,0,40.0,0.0,1114.0,0,0.0
14000US22071003500,0.2288961038961039,5.0,0,0.0,0.0,151.0,"Census Tract 35, Orleans, LA",0.0016233766233766235,0,0.09821428571428571,0.10633116883116883,0.0,0.004058441558441558,653.0,1072.0,0.00974025974025974,121.0,12.0,7.0,0.024350649350649352,1.0,282.0,1232.0,0.12256493506493507,0.5300324675324676,0.0,0.024350649350649352,0.8701298701298701,0,0.0,2.0,0,0.1185064935064935,146.0,0,131.0,30.0,1232.0,0.005681818181818182,30.0
14000US22071003600,0.16322314049586778,26.0,0,0.0,70.0,116.0,"Census Tract 36, Orleans, LA",0,0,0.05785123966942149,0.10330578512396695,0.0,0.013429752066115703,715.0,1665.0,0.013429752066115703,112.0,26.0,0.0,0.002066115702479339,1.0,316.0,1936.0,0.05991735537190083,0.3693181818181818,0.0,0,0.8600206611570248,0,4.0,0.0,0.03615702479338843,0.09039256198347108,175.0,0.002066115702479339,200.0,0.0,1936.0,0,4.0
14000US22071003701,0.204233409610984,9.0,0.02745995423340961,0.0,0.0,183.0,"Census Tract 37.01, Orleans, LA",0.002288329519450801,0,0.10125858123569793,0.09954233409610984,0.0,0.005148741418764302,1056.0,1299.0,0.005148741418764302,177.0,9.0,0.0,0.003432494279176201,1.0,357.0,1748.0,0.10469107551487414,0.6041189931350115,48.0,0.003432494279176201,0.7431350114416476,0,0.0,4.0,0,0.2219679633867277,388.0,0,174.0,6.0,1748.0,0,6.0
14000US22071003702,0.19353924624539529,54.0,0.00028336639274582036,0.0,55.0,465.0,"Census Tract 37.02, Orleans, LA",0.006234060640408047,0,0.10909606120714083,0.06177387361858883,15.0,0.015301785208274299,723.0,2180.0,0.015301785208274299,385.0,54.0,0.0,0.01841881552847832,1.0,683.0,3529.0,0.13176537262680646,0.20487390195522812,1.0,0.013318220459053556,0.6177387361858884,0.004250495891187305,18.0,22.0,0.01558515160102012,0.34485689997166336,1217.0,0.005100595069424767,218.0,47.0,3529.0,0,65.0
14000US22071003800,0.3450171821305842,41.0,0.006185567010309278,0.0,11.0,265.0,"Census Tract 38, Orleans, LA",0,0,0.16082474226804125,0.16288659793814433,8.0,0.028178694158075602,862.0,34.0,0.0288659793814433,234.0,42.0,1.0,0.015807560137457044,1.0,502.0,1455.0,0.18213058419243985,0.5924398625429553,9.0,0.015807560137457044,0.02336769759450172,0.005498281786941581,0.0,0.0,0.007560137457044674,0.934020618556701,1359.0,0,237.0,23.0,1455.0,0.0006872852233676976,23.0
14000US22071003900,0.12634408602150538,45.0,0.010752688172043012,0.0,4.0,60.0,"Census Tract 39, Orleans, LA",0,0,0.04390681003584229,0.07258064516129033,0.0,0.04032258064516129,648.0,618.0,0.05197132616487455,49.0,58.0,13.0,0.00985663082437276,1.0,141.0,1116.0,0.053763440860215055,0.5806451612903226,12.0,0.004480286738351254,0.553763440860215,0,6.0,0.0,0.0035842293906810036,0.37992831541218636,424.0,0.005376344086021506,81.0,5.0,1116.0,0.011648745519713262,11.0
14000US22071004000,0.16045197740112993,5.0,0,0.0,30.0,33.0,"Census Tract 40, Orleans, LA",0.0039548022598870055,0,0.01864406779661017,0.14180790960451978,0.0,0.002824858757062147,549.0,1286.0,0.002824858757062147,33.0,5.0,0.0,0,1.0,284.0,1770.0,0.01864406779661017,0.3101694915254237,0.0,0,0.7265536723163842,0,0.0,7.0,0.01694915254237288,0.2497175141242938,442.0,0,251.0,0.0,1770.0,0,0.0
14000US22071004100,0.28005464480874315,13.0,0,0.0,0.0,267.0,"Census Tract 41, Orleans, LA",0.004098360655737705,0,0.1290983606557377,0.0976775956284153,0.0,0.008879781420765027,833.0,187.0,0.008879781420765027,189.0,13.0,0.0,0.05327868852459016,1.0,410.0,1464.0,0.18237704918032788,0.5689890710382514,0.0,0.0389344262295082,0.12773224043715847,0,21.0,6.0,0,0.8592896174863388,1258.0,0.014344262295081968,143.0,57.0,1464.0,0,78.0
14000US22071004401,0.12553802008608322,0.0,0,0.0,9.0,39.0,"Census Tract 44.01, Orleans, LA",0,0,0.027977044476327116,0.0975609756097561,0.0,0,536.0,1321.0,0,39.0,0.0,0.0,0,1.0,175.0,1394.0,0.027977044476327116,0.38450502152080346,0.0,0,0.9476327116212339,0,0.0,0.0,0.006456241032998565,0.04591104734576758,64.0,0,136.0,0.0,1394.0,0,0.0
14000US22071004402,0,0.0,0,0.0,0.0,0.0,"Census Tract 44.02, Orleans, LA",0,0,0,0,0.0,0,0.0,0.0,0,0.0,0.0,0.0,0,0,0.0,0.0,0,0,0.0,0,0,0,0.0,0.0,0,0,0.0,0,0.0,0.0,0.0,0,0.0
14000US22071004500,0.20758693361433087,12.0,0.019494204425711276,0.0,25.0,274.0,"Census Tract 45, Orleans, LA",0,0,0.11327713382507903,0.06322444678609063,18.0,0.006322444678609062,743.0,1345.0,0.006322444678609062,215.0,12.0,0.0,0.02160168598524763,1.0,394.0,1898.0,0.14436248682824027,0.39146469968387776,37.0,0.008956796628029505,0.7086406743940991,0.009483667017913594,24.0,0.0,0.013171759747102213,0.2523709167544784,479.0,0.012644889357218124,120.0,17.0,1898.0,0,41.0
14000US22071004600,0.21008119079837617,89.0,0,0.0,0.0,378.0,"Census Tract 46, Orleans, LA",0.008795669824086604,0,0.08491204330175914,0.08220568335588634,10.0,0.030108254397834912,833.0,367.0,0.037889039242219216,251.0,112.0,23.0,0.03958051420838971,1.0,621.0,2956.0,0.12787550744248985,0.28179972936400544,0.0,0.03247631935047361,0.12415426251691475,0.0033829499323410014,21.0,26.0,0,0.8291610284167794,2451.0,0.007104194857916103,243.0,96.0,2956.0,0.007780784844384303,117.0
14000US22071004800,0,84.0,0.0007122507122507123,0.0,0.0,0.0,"Census Tract 48, Orleans, LA",0,0,0,0,0.0,0.05982905982905983,181.0,1319.0,0.05982905982905983,0.0,84.0,0.0,0,1.0,0.0,1404.0,0,0.12891737891737892,1.0,0,0.9394586894586895,0,0.0,0.0,0,0,0.0,0,0.0,0.0,1404.0,0,0.0
14000US22071004900,0.10178571428571428,0.0,0,0.0,55.0,105.0,"Census Tract 49, Orleans, LA",0.027976190476190477,0,0.050595238095238096,0.039285714285714285,0.0,0,553.0,1211.0,0,85.0,0.0,0.0,0.011904761904761904,1.0,171.0,1680.0,0.0625,0.32916666666666666,0.0,0.002976190476190476,0.7208333333333333,0,15.0,47.0,0.03273809523809524,0.21845238095238095,367.0,0.008928571428571428,66.0,5.0,1680.0,0,20.0
14000US22071005000,0.07527539779681762,5.0,0,0.0,231.0,69.0,"Census Tract 50, Orleans, LA",0.08261933904528763,0,0.03243574051407589,0.033047735618115054,0.0,0.0030599755201958386,803.0,704.0,0.0030599755201958386,53.0,5.0,0.0,0.009791921664626682,1.0,123.0,1634.0,0.04222766217870257,0.49143206854345167,0.0,0.009791921664626682,0.43084455324357407,0,0.0,135.0,0.14137086903304774,0.34210526315789475,559.0,0,54.0,16.0,1634.0,0,16.0
14000US22071005400,0.1457174638487208,17.0,0,0.0,168.0,186.0,"Census Tract 54, Orleans, LA",0.00389321468298109,0,0.07730812013348165,0.042269187986651836,0.0,0.009454949944382647,857.0,309.0,0.009454949944382647,139.0,17.0,0.0,0.02614015572858732,1.0,262.0,1798.0,0.10344827586206896,0.47664071190211343,0.0,0.008342602892102336,0.1718576195773081,0,32.0,7.0,0.09343715239154617,0.721357063403782,1297.0,0.017797552836484983,76.0,15.0,1798.0,0,47.0
14000US22071005500,0.25696969696969696,8.0,0.014141414141414142,0.0,103.0,444.0,"Census Tract 55, Orleans, LA",0,0,0.15393939393939393,0.07757575757575758,0.0,0.0032323232323232323,942.0,191.0,0.0032323232323232323,381.0,8.0,0.0,0.025454545454545455,1.0,636.0,2475.0,0.17939393939393938,0.3806060606060606,35.0,0.013737373737373737,0.07717171717171717,0,29.0,0.0,0.041616161616161614,0.8638383838383838,2138.0,0.011717171717171718,192.0,34.0,2475.0,0,63.0
14000US22071005601,0.26431246655965757,6.0,0.0454788657035848,0.0,119.0,370.0,"Census Tract 56.01, Orleans, LA",0.004280363830925628,0,0.12841091492776885,0.06634563937934725,0.0,0.0032102728731942215,1363.0,63.0,0.0032102728731942215,240.0,6.0,0.0,0.06955591225254147,1.0,494.0,1869.0,0.19796682718031033,0.729266987693954,85.0,0.02086677367576244,0.033707865168539325,0,91.0,8.0,0.06367041198501873,0.8496522204387373,1588.0,0.04868913857677903,124.0,39.0,1869.0,0,130.0
14000US22071005602,0.3250901597114889,16.0,0.0005151983513652757,0.0,0.0,463.0,"Census Tract 56.02, Orleans, LA",0,0,0.18341061308603812,0.0865533230293663,19.0,0.00824317362184441,1151.0,78.0,0.010819165378670788,356.0,21.0,5.0,0.04533745492014426,1.0,631.0,1941.0,0.2385368366821226,0.5929933024214322,1.0,0.02936630602782071,0.0401854714064915,0.009788768675940238,31.0,0.0,0,0.9484801648634724,1841.0,0.015971148892323546,168.0,57.0,1941.0,0.002575991756826378,88.0
14000US22071005603,0.25934065934065936,0.0,0.006593406593406593,0.0,0.0,211.0,"Census Tract 56.03, Orleans, LA",0,0,0.12380952380952381,0.10476190476190476,6.0,0,1205.0,101.0,0,169.0,0.0,0.0,0.026373626373626374,1.0,354.0,1365.0,0.15457875457875458,0.8827838827838828,9.0,0.012454212454212455,0.073992673992674,0.004395604395604396,19.0,0.0,0,0.9194139194139194,1255.0,0.01391941391941392,143.0,17.0,1365.0,0,36.0
14000US22071005604,0.3164128595600677,0.0,0.007614213197969543,0.0,0.0,280.0,"Census Tract 56.04, Orleans, LA",0.00338409475465313,0,0.22842639593908629,0.07952622673434856,0.0,0,1049.0,0.0,0,270.0,0.0,0.0,0.008460236886632826,1.0,374.0,1182.0,0.23688663282571912,0.8874788494077834,9.0,0.005076142131979695,0,0,4.0,4.0,0,0.9890016920473773,1169.0,0.00338409475465313,94.0,6.0,1182.0,0,10.0
14000US22071006000,0.011774600504625737,0.0,0.17157275021026072,0.0,1.0,10.0,"Census Tract 60, Orleans, LA",0,0,0,0.00336417157275021,0.0,0,757.0,769.0,0,0.0,0.0,0.0,0.008410428931875526,1.0,14.0,1189.0,0.008410428931875526,0.6366694701429773,204.0,0.008410428931875526,0.6467619848612279,0,0.0,0.0,0.0008410428931875525,0.1808242220353238,215.0,0,4.0,10.0,1189.0,0,10.0
14000US22071006300,0.06417112299465241,22.0,0.0017825311942959,0.0,151.0,39.0,"Census Tract 63, Orleans, LA",0,0,0.0071301247771836,0.040998217468805706,0.0,0.013071895424836602,759.0,1050.0,0.0184194890077243,12.0,31.0,9.0,0.016042780748663103,1.0,108.0,1683.0,0.023172905525846704,0.45098039215686275,3.0,0,0.6238859180035651,0,27.0,0.0,0.08972073677956031,0.26619132501485443,448.0,0.016042780748663103,69.0,0.0,1683.0,0.0053475935828877,27.0
14000US22071006400,0.11596119929453262,60.0,0.011904761904761904,0.0,29.0,170.0,"Census Tract 64, Orleans, LA",0,0,0.06040564373897707,0.041005291005291,0.0,0.026455026455026454,865.0,1234.0,0.026455026455026454,137.0,60.0,0.0,0.01455026455026455,1.0,263.0,2268.0,0.07495590828924162,0.38139329805996475,27.0,0.007936507936507936,0.5440917107583775,0,15.0,0.0,0.012786596119929453,0.40476190476190477,918.0,0.006613756613756613,93.0,18.0,2268.0,0,33.0
14000US22071006500,0.16076294277929154,109.0,0.012456208641494744,53.0,116.0,255.0,"Census Tract 65, Orleans, LA",0.006617360840794083,0.020630595562475672,0.09264305177111716,0.061502530167380304,0.0,0.04242896068509148,827.0,844.0,0.04242896068509148,238.0,109.0,0.0,0.006617360840794083,1.0,413.0,2569.0,0.09926041261191125,0.3219151420786298,32.0,0.0035033086804203972,0.3285325029194239,0,8.0,17.0,0.04515375632541845,0.5441806150253017,1398.0,0.003114052160373686,158.0,9.0,2569.0,0,17.0
14000US22071006900,0.005555555555555556,0.0,0,0.0,0.0,4.0,"Census Tract 69, Orleans, LA",0,0,0.005555555555555556,0,0.0,0,264.0,720.0,0,4.0,0.0,0.0,0,1.0,4.0,720.0,0.005555555555555556,0.36666666666666664,0.0,0,1.0,0,0.0,0.0,0,0,0.0,0,0.0,0.0,720.0,0,0.0
14000US22071007000,0.027425088877602845,13.0,0.019299136617572373,0.0,0.0,1.0,"Census Tract 70, Orleans, LA",0,0,0.0005078720162519045,0.02691721686135094,0.0,0.006602336211274758,716.0,1424.0,0.01675977653631285,1.0,33.0,20.0,0,1.0,54.0,1969.0,0.0005078720162519045,0.36363636363636365,38.0,0,0.723209751142712,0,0.0,0.0,0,0.24073133570340274,474.0,0,53.0,0.0,1969.0,0.01015744032503809,0.0
14000US22071007101,0.05651595744680851,18.0,0,0.0,7.0,18.0,"Census Tract 71.01, Orleans, LA",0,0,0.007978723404255319,0.04454787234042553,0.0,0.011968085106382979,593.0,1083.0,0.011968085106382979,12.0,18.0,0.0,0.003989361702127659,1.0,85.0,1504.0,0.011968085106382979,0.394281914893617,0.0,0.003989361702127659,0.7200797872340425,0,0.0,0.0,0.004654255319148936,0.2632978723404255,396.0,0,67.0,6.0,1504.0,0,6.0
14000US22071007200,0.11595466434176112,67.0,0.0013077593722755014,0.0,21.0,71.0,"Census Tract 72, Orleans, LA",0,0,0.02877070619006103,0.08500435919790758,0.0,0.02920662598081953,767.0,2073.0,0.02920662598081953,66.0,67.0,0.0,0.002179598953792502,1.0,266.0,2294.0,0.03095030514385353,0.3343504795117698,3.0,0,0.9036617262423714,0,5.0,0.0,0.009154315605928508,0.05666957279860506,130.0,0.002179598953792502,195.0,0.0,2294.0,0,5.0
14000US22071007501,0.2351008916001877,0.0,0,0.0,28.0,129.0,"Census Tract 75.01, Orleans, LA",0,0,0.041295166588456125,0.17456593148756452,0.0,0,747.0,2044.0,0,88.0,0.0,0.0,0.01923979352416706,1.0,501.0,2131.0,0.06053496011262318,0.35053965274519006,0.0,0.006100422336931018,0.9591740966682308,0,28.0,0.0,0.01313937118723604,0.027686532144533083,59.0,0.01313937118723604,372.0,13.0,2131.0,0,41.0
14000US22071007502,0.16080402010050251,0.0,0,0.0,0.0,126.0,"Census Tract 75.02, Orleans, LA",0,0,0.03768844221105527,0.11557788944723618,0.0,0,649.0,2786.0,0,105.0,0.0,0.0,0.007537688442211055,1.0,448.0,2786.0,0.04522613065326633,0.23295046661880833,0.0,0,1.0,0,21.0,0.0,0,0,0.0,0.007537688442211055,322.0,0.0,2786.0,0,21.0
14000US22071007604,0.3526813880126183,14.0,0.026498422712933754,0.0,0.0,368.0,"Census Tract 76.04, Orleans, LA",0,0,0.1949526813880126,0.12050473186119874,0.0,0.008832807570977918,2001.0,0.0,0.008832807570977918,309.0,14.0,0.0,0.03722397476340694,1.0,559.0,1585.0,0.23217665615141955,1.2624605678233438,42.0,0.031545741324921134,0,0,9.0,0.0,0,0.9646687697160883,1529.0,0.0056782334384858045,191.0,50.0,1585.0,0,59.0
14000US22071007605,0.12564991334488734,0.0,0,0.0,0.0,61.0,"Census Tract 76.05, Orleans, LA",0,0,0.043327556325823226,0.07279029462738301,0.0,0,662.0,1047.0,0,50.0,0.0,0.0,0.009532062391681109,1.0,145.0,1154.0,0.05285961871750433,0.5736568457538995,0.0,0.005199306759098787,0.9072790294627383,0,5.0,0.0,0,0.0927209705372617,107.0,0.004332755632582322,84.0,6.0,1154.0,0,11.0
14000US22071007606,0.2577286039700618,9.0,0.03547022453628376,0.0,46.0,498.0,"Census Tract 76.06, Orleans, LA",0,0,0.1584770582492678,0.09567198177676538,0.0,0.00292873413602343,956.0,305.0,0.028311096648226487,487.0,87.0,78.0,0.0035795639440286365,1.0,792.0,3073.0,0.16205662219329645,0.31109664822648875,109.0,0.0035795639440286365,0.09925154572079402,0,0.0,0.0,0.014969085584119753,0.821998047510576,2526.0,0,294.0,11.0,3073.0,0.02538236251220306,11.0
14000US22071007700,0.20634920634920634,128.0,0.013838013838013839,0.0,11.0,382.0,"Census Tract 77, Orleans, LA",0,0,0.11721611721611722,0.05087505087505088,0.0,0.052096052096052094,1219.0,507.0,0.05413105413105413,288.0,133.0,5.0,0.03825803825803826,1.0,507.0,2457.0,0.15547415547415547,0.4961334961334961,34.0,0.007326007326007326,0.20634920634920634,0,76.0,0.0,0.004477004477004477,0.7212047212047212,1772.0,0.03093203093203093,125.0,18.0,2457.0,0.002035002035002035,94.0
14000US22071007800,0.16025641025641027,93.0,0.04415954415954416,0.0,7.0,203.0,"Census Tract 78, Orleans, LA",0,0,0.09259259259259259,0.01566951566951567,5.0,0.06623931623931624,951.0,212.0,0.06623931623931624,130.0,93.0,0.0,0.04843304843304843,1.0,225.0,1404.0,0.14458689458689458,0.6773504273504274,62.0,0.0349002849002849,0.150997150997151,0.0035612535612535613,19.0,0.0,0.004985754985754986,0.7336182336182336,1030.0,0.013532763532763533,22.0,49.0,1404.0,0,68.0
14000US22071008200,0.155359565807327,86.0,0,0.0,30.0,150.0,"Census Tract 82, Orleans, LA",0,0,0.07530529172320218,0.05359565807327001,0.0,0.05834464043419267,714.0,170.0,0.05834464043419267,111.0,86.0,0.0,0.026458616010854818,1.0,229.0,1474.0,0.10176390773405698,0.4843962008141113,0.0,0.01967435549525102,0.11533242876526459,0,10.0,0.0,0.0203527815468114,0.8059701492537313,1188.0,0.0067842605156037995,79.0,29.0,1474.0,0,39.0
14000US22071008300,0.16839584996009577,3.0,0.025538707102952914,0.0,18.0,120.0,"Census Tract 83, Orleans, LA",0,0,0.07342378292098962,0.07262569832402235,0.0,0.0023942537909018356,855.0,319.0,0.0023942537909018356,92.0,3.0,0.0,0.0223463687150838,1.0,211.0,1253.0,0.09577015163607343,0.6823623304070231,32.0,0.0223463687150838,0.25458898643256184,0,0.0,0.0,0.014365522745411013,0.7031125299281724,881.0,0,91.0,28.0,1253.0,0,28.0
14000US22071008400,0.03239202657807309,23.0,0.03737541528239203,0.0,7.0,23.0,"Census Tract 84, Orleans, LA",0,0,0.01910299003322259,0.013289036544850499,0.0,0.01910299003322259,784.0,806.0,0.022425249169435217,23.0,27.0,4.0,0,1.0,39.0,1204.0,0.01910299003322259,0.6511627906976745,45.0,0,0.6694352159468439,0,0.0,0.0,0.005813953488372093,0.2649501661129568,319.0,0,16.0,0.0,1204.0,0.0033222591362126247,0.0
14000US22071008500,0.06244725738396625,4.0,0,0.0,0.0,59.0,"Census Tract 85, Orleans, LA",0,0,0.049789029535864976,0.012658227848101266,0.0,0.0033755274261603376,460.0,1089.0,0.032067510548523206,59.0,38.0,34.0,0,1.0,74.0,1185.0,0.049789029535864976,0.3881856540084388,0.0,0,0.9189873417721519,0,0.0,0.0,0,0.048945147679324896,58.0,0,15.0,0.0,1185.0,0.02869198312236287,0.0
14000US22071008600,0.0745814307458143,0.0,0,0.0,18.0,8.0,"Census Tract 86, Orleans, LA",0,0,0,0.0624048706240487,0.0,0,642.0,626.0,0,0.0,0.0,0.0,0.0121765601217656,1.0,49.0,657.0,0.0121765601217656,0.9771689497716894,0.0,0,0.9528158295281582,0,8.0,0.0,0.0273972602739726,0.0197869101978691,13.0,0.0121765601217656,41.0,0.0,657.0,0,8.0
14000US22071008800,0.20567375886524822,7.0,0.014184397163120567,0.0,0.0,233.0,"Census Tract 88, Orleans, LA",0,0,0.11347517730496454,0.05544809800128949,0.0,0.004513217279174726,919.0,690.0,0.004513217279174726,176.0,7.0,0.0,0.0367504835589942,1.0,319.0,1551.0,0.15022566086395875,0.5925209542230819,22.0,0.024500322372662798,0.4448742746615087,0,19.0,0.0,0,0.536428110896196,832.0,0.012250161186331399,86.0,38.0,1551.0,0,57.0
14000US22071009000,0.3102885138813283,73.0,0.035383777898747956,0.0,12.0,337.0,"Census Tract 90, Orleans, LA",0.007076755579749592,0,0.13228089275993468,0.12683723462166577,0.0,0.03973870440936309,841.0,54.0,0.03973870440936309,243.0,73.0,0.0,0.05117038649972782,1.0,570.0,1837.0,0.18345127925966248,0.4578116494284159,65.0,0.05117038649972782,0.02939575394665215,0,0.0,13.0,0.0065323897659227,0.8818726183995645,1620.0,0,233.0,94.0,1837.0,0,94.0
14000US22071009100,0.13129644921552436,0.0,0,0.0,150.0,184.0,"Census Tract 91, Orleans, LA",0.027663088356729974,0,0.07184145334434351,0.05532617671345995,0.0,0,695.0,1449.0,0,174.0,0.0,0.0,0.004128819157720892,1.0,318.0,2422.0,0.07597027250206441,0.286952931461602,0.0,0,0.5982658959537572,0,10.0,67.0,0.061932287365813375,0.31213872832369943,756.0,0.004128819157720892,134.0,0.0,2422.0,0,10.0
14000US22071009200,0.1424682395644283,5.0,0,0.0,11.0,102.0,"Census Tract 92, Orleans, LA",0,0,0.08892921960072596,0.0499092558983666,0.0,0.004537205081669692,626.0,1052.0,0.014519056261343012,98.0,16.0,11.0,0.003629764065335753,1.0,157.0,1102.0,0.0925589836660617,0.5680580762250453,0.0,0,0.9546279491833031,0,4.0,0.0,0.009981851179673321,0.020871143375680582,23.0,0.003629764065335753,55.0,0.0,1102.0,0.009981851179673321,4.0
14000US22071009400,0.15821678321678323,0.0,0,0.0,0.0,103.0,"Census Tract 94, Orleans, LA",0,0,0.09003496503496504,0.06818181818181818,0.0,0,624.0,1059.0,0,103.0,0.0,0.0,0,1.0,181.0,1144.0,0.09003496503496504,0.5454545454545454,0.0,0,0.9256993006993007,0,0.0,0.0,0,0.0743006993006993,85.0,0,78.0,0.0,1144.0,0,0.0
14000US22071009600,0.24107142857142858,3.0,0.004807692307692308,0.0,0.0,220.0,"Census Tract 96, Orleans, LA",0,0,0.12980769230769232,0.08997252747252747,0.0,0.0020604395604395605,730.0,478.0,0.0020604395604395605,189.0,3.0,0.0,0.021291208791208792,1.0,351.0,1456.0,0.1510989010989011,0.5013736263736264,7.0,0.0020604395604395605,0.3282967032967033,0,28.0,0.0,0,0.6648351648351648,968.0,0.019230769230769232,131.0,3.0,1456.0,0,31.0
14000US22071009700,0.23651960784313725,18.0,0.03431372549019608,0.0,136.0,247.0,"Census Tract 97, Orleans, LA",0,0,0.12071078431372549,0.08517156862745098,5.0,0.011029411764705883,690.0,786.0,0.012254901960784314,197.0,20.0,2.0,0.027573529411764705,1.0,386.0,1632.0,0.15134803921568626,0.4227941176470588,56.0,0.017769607843137254,0.48161764705882354,0.0030637254901960784,16.0,0.0,0.08333333333333333,0.38848039215686275,634.0,0.00980392156862745,139.0,29.0,1632.0,0.0012254901960784314,45.0
14000US22071009900,0.16791653081186828,24.0,0.028692533420280403,3.0,39.0,375.0,"Census Tract 99, Orleans, LA",0,0.00097815454841865,0.08868601238995762,0.04564721225953701,0.0,0.0078252363873492,920.0,347.0,0.011085751548744702,272.0,34.0,10.0,0.033583306162373656,1.0,515.0,3067.0,0.12226931855233127,0.299967394848386,88.0,0.0313009455493968,0.11313987610042386,0,7.0,0.0,0.012716009129442452,0.83338767525269,2556.0,0.0022823606129768505,140.0,96.0,3067.0,0.0032605151613955006,103.0
14000US22071010000,0.10163243812532911,0.0,0,0.0,21.0,118.0,"Census Tract 100, Orleans, LA",0,0,0.05318588730911006,0.03949447077409163,4.0,0,676.0,1593.0,0,101.0,0.0,0.0,0.006845708267509215,1.0,193.0,1899.0,0.06213796735123749,0.3559768299104792,0.0,0.006845708267509215,0.8388625592417062,0.00210637177461822,0.0,0.0,0.011058451816745656,0.1500789889415482,285.0,0,75.0,13.0,1899.0,0,13.0
14000US22071010100,0.22721492157693937,6.0,0.01526070368800339,0.0,0.0,352.0,"Census Tract 101, Orleans, LA",0.000423908435777872,0,0.12293344637558287,0.07799915218312845,21.0,0.002543450614667232,912.0,828.0,0.002543450614667232,290.0,6.0,0.0,0.01738024586689275,1.0,536.0,2359.0,0.14921576939381093,0.38660449342941927,36.0,0.013988978380669776,0.350996184824078,0.008902077151335312,8.0,1.0,0,0.6307757524374735,1488.0,0.003391267486222976,184.0,33.0,2359.0,0,41.0
14000US22071010200,0.17124735729386892,0.0,0.0007047216349541931,0.0,0.0,122.0,"Census Tract 102, Orleans, LA",0.004933051444679351,0,0.0824524312896406,0.08527131782945736,0.0,0,719.0,1206.0,0.0028188865398167725,117.0,4.0,4.0,0.0035236081747709656,1.0,243.0,1419.0,0.08597603946441155,0.5066948555320648,1.0,0,0.8498942917547568,0,5.0,7.0,0,0.1416490486257928,201.0,0.0035236081747709656,121.0,0.0,1419.0,0.0028188865398167725,5.0
14000US22071010300,0.15344758868074931,62.0,0,0.0,0.0,160.0,"Census Tract 103, Orleans, LA",0.0035870864886408927,0,0.04463929852530889,0.08967716221602232,16.0,0.024711040255081706,557.0,2213.0,0.024711040255081706,112.0,62.0,0.0,0.012754085292945397,1.0,385.0,2509.0,0.06377042646472698,0.2220007971303308,0.0,0.00438421681944998,0.882024711040255,0.006377042646472699,21.0,9.0,0,0.08967716221602232,225.0,0.008369868473495417,225.0,11.0,2509.0,0,32.0
14000US22071010600,0.22555205047318613,67.0,0,0.0,0.0,203.0,"Census Tract 106, Orleans, LA",0,0,0.11987381703470032,0.06545741324921135,0.0,0.0528391167192429,848.0,469.0,0.0528391167192429,152.0,67.0,0.0,0.04022082018927445,1.0,286.0,1268.0,0.16009463722397477,0.668769716088328,0.0,0.04022082018927445,0.3698738170347003,0,0.0,0.0,0,0.5772870662460567,732.0,0,83.0,51.0,1268.0,0,51.0
14000US22071010700,0.2678795483061481,0.0,0.028858218318695106,0.0,18.0,253.0,"Census Tract 107, Orleans, LA",0,0,0.11041405269761606,0.10915934755332497,0.0,0,815.0,246.0,0,176.0,0.0,0.0,0.04830614805520703,1.0,427.0,1594.0,0.1587202007528231,0.5112923462986199,46.0,0.0370138017565872,0.15432873274780426,0,18.0,0.0,0.011292346298619825,0.8055207026348808,1284.0,0.011292346298619825,174.0,59.0,1594.0,0,77.0
14000US22071010800,0.29518072289156627,0.0,0,0.0,0.0,334.0,"Census Tract 108, Orleans, LA",0.020749665327978582,0,0.1318607764390897,0.07161981258366801,0.0,0,973.0,17.0,0,197.0,0.0,0.0,0.09170013386880857,1.0,441.0,1494.0,0.22356091030789826,0.6512717536813922,0.0,0.08165997322623829,0.011378848728246318,0,15.0,31.0,0,0.9678714859437751,1446.0,0.010040160642570281,107.0,122.0,1494.0,0,137.0
14000US22071010900,0.21951934349355218,0.0,0.008499413833528723,0.0,12.0,435.0,"Census Tract 109, Orleans, LA",0.043962485345838215,0,0.10814771395076202,0.09202813599062133,0.0,0,886.0,1428.0,0,369.0,0.0,0.0,0.019343493552168817,1.0,749.0,3412.0,0.12749120750293083,0.2596717467760844,29.0,0.005861664712778429,0.41852286049237986,0,46.0,150.0,0.0035169988276670576,0.5254982415005862,1793.0,0.013481828839390387,314.0,20.0,3412.0,0,66.0
14000US22071011100,0.1791767554479419,1.0,0,0.0,28.0,175.0,"Census Tract 111, Orleans, LA",0,0,0.0986682808716707,0.07324455205811138,0.0,0.0006053268765133172,656.0,1281.0,0.0012106537530266344,163.0,2.0,1.0,0.007263922518159807,1.0,296.0,1652.0,0.1059322033898305,0.39709443099273606,0.0,0.0018159806295399517,0.7754237288135594,0,9.0,0.0,0.01694915254237288,0.20641646489104115,341.0,0.005447941888619854,121.0,3.0,1652.0,0.0006053268765133172,12.0
14000US22071011200,0.2180209171359614,15.0,0.016894609814963796,0.0,24.0,236.0,"Census Tract 112, Orleans, LA",0.02011263073209976,0,0.15607401448109412,0.02815768302493966,5.0,0.012067578439259855,1054.0,427.0,0.012067578439259855,194.0,15.0,0.0,0.029766693483507644,1.0,271.0,1243.0,0.1898632341110217,0.8479485116653258,21.0,0.029766693483507644,0.34352373290426386,0.004022526146419952,0.0,25.0,0.019308125502815767,0.588093322606597,731.0,0,35.0,37.0,1243.0,0,37.0
14000US22071011400,0.2975495915985998,9.0,0.03558926487747958,0.0,9.0,333.0,"Census Tract 114, Orleans, LA",0,0,0.1441073512252042,0.10326721120186698,0.0,0.005250875145857643,989.0,113.0,0.005250875145857643,247.0,9.0,0.0,0.050175029171528586,1.0,510.0,1714.0,0.1942823803967328,0.5770128354725788,61.0,0.012835472578763127,0.06592765460910152,0,64.0,0.0,0.005250875145857643,0.8879813302217037,1522.0,0.03733955659276546,177.0,22.0,1714.0,0,86.0
14000US22071011500,0.28169014084507044,19.0,0.07338769458858414,0.0,0.0,230.0,"Census Tract 115, Orleans, LA",0.005189028910303929,0,0.15567086730911786,0.1111934766493699,0.0,0.014084507042253521,1089.0,73.0,0.014084507042253521,210.0,19.0,0.0,0.014825796886582653,1.0,380.0,1349.0,0.17049666419570053,0.8072646404744255,99.0,0.014825796886582653,0.054114158636026685,0,0.0,7.0,0,0.8532246108228317,1151.0,0,150.0,20.0,1349.0,0,20.0
14000US22071011600,0.3285302593659942,25.0,0.016570605187319884,8.0,11.0,324.0,"Census Tract 116, Orleans, LA",0,0.005763688760806916,0.13544668587896252,0.09510086455331412,0.0,0.018011527377521614,1257.0,20.0,0.018011527377521614,188.0,25.0,0.0,0.09798270893371758,1.0,456.0,1388.0,0.2334293948126801,0.9056195965417867,23.0,0.09798270893371758,0.01440922190201729,0,0.0,0.0,0.00792507204610951,0.9373198847262247,1301.0,0,132.0,136.0,1388.0,0,136.0
14000US22071011700,0.34917517674783977,63.0,0.014925373134328358,0.0,0.0,478.0,"Census Tract 117, Orleans, LA",0,0,0.1166535742340927,0.16142969363707776,0.0,0.02474469756480754,1820.0,0.0,0.02474469756480754,297.0,63.0,0.0,0.07109190887666929,1.0,889.0,2546.0,0.18774548311076197,0.7148468185388845,38.0,0.06559308719560095,0,0,14.0,0.0,0,0.9603299293008641,2445.0,0.0054988216810683424,411.0,167.0,2546.0,0,181.0
14000US22071011900,0.18618324350808427,0.0,0.02792748652621264,0.0,21.0,275.0,"Census Tract 119, Orleans, LA",0,0,0.08035276825085742,0.0514453699167075,15.0,0,1527.0,41.0,0.0019598236158745713,164.0,4.0,4.0,0.04703576678098971,1.0,380.0,2041.0,0.1347378735913768,0.7481626653601176,57.0,0.022048015678588925,0.020088192062714356,0.007349338559529643,51.0,0.0,0.0102890739833415,0.9397354238118569,1918.0,0.024987751102400785,105.0,45.0,2041.0,0.0019598236158745713,96.0
14000US22071012000,0.328060522696011,0.0,0.002751031636863824,0.0,6.0,345.0,"Census Tract 120, Orleans, LA",0.008940852819807428,0,0.1939477303988996,0.0907840440165062,0.0,0,1189.0,100.0,0,282.0,0.0,0.0,0.04332874828060523,1.0,477.0,1454.0,0.23727647867950483,0.8177441540577717,4.0,0.024071526822558458,0.0687757909215956,0,28.0,13.0,0.0041265474552957355,0.9154057771664375,1331.0,0.01925722145804677,132.0,35.0,1454.0,0,63.0
14000US22071012101,0.11542223671340071,72.0,0.09618519726116727,0.0,5.0,219.0,"Census Tract 121.01, Orleans, LA",0,0,0.04401695467883926,0.04401695467883926,33.0,0.023475709162047602,1002.0,194.0,0.023475709162047602,135.0,72.0,0.0,0.016628627323117054,1.0,354.0,3067.0,0.07140528203456147,0.32670361917182916,295.0,0.016628627323117054,0.06325399413107272,0.010759700032605152,0.0,0.0,0.0016302575806977503,0.8154548418650147,2501.0,0,135.0,51.0,3067.0,0,51.0
14000US22071012102,0.05927897411081539,79.0,0.03314783450278248,0.0,30.0,152.0,"Census Tract 121.02, Orleans, LA",0.004597144931042826,0,0.014033389789499154,0.02250181466247278,8.0,0.01911444471328333,1399.0,540.0,0.04766513428502298,58.0,197.0,118.0,0.020808129687878055,1.0,245.0,4133.0,0.03677715944834261,0.3384950399225744,137.0,0.020808129687878055,0.13065569804016453,0.0019356399709654004,0.0,19.0,0.007258649891120251,0.7766755383498669,3210.0,0,93.0,86.0,4133.0,0.028550689571739656,86.0
14000US22071012200,0.24808429118773948,42.0,0.1024904214559387,0.0,38.0,309.0,"Census Tract 122, Orleans, LA",0.0014367816091954023,0,0.09003831417624521,0.10009578544061302,26.0,0.020114942528735632,995.0,243.0,0.020114942528735632,188.0,42.0,0.0,0.04549808429118774,1.0,518.0,2088.0,0.14798850574712644,0.47653256704980845,214.0,0.034482758620689655,0.11637931034482758,0.012452107279693486,23.0,3.0,0.018199233716475097,0.7413793103448276,1548.0,0.011015325670498084,209.0,72.0,2088.0,0,95.0
14000US22071012300,0.21653543307086615,15.0,0,0.0,19.0,303.0,"Census Tract 123, Orleans, LA",0.003937007874015748,0,0.16141732283464566,0.04611923509561305,0.0,0.00843644544431946,1182.0,928.0,0.00843644544431946,287.0,15.0,0.0,0.008998875140607425,1.0,385.0,1778.0,0.1704161979752531,0.6647919010123734,0.0,0.008998875140607425,0.5219347581552306,0,0.0,7.0,0.010686164229471317,0.4550056242969629,809.0,0,82.0,16.0,1778.0,0,16.0
14000US22071012400,0.28726020659124446,17.0,0.002951303492375799,0.0,9.0,366.0,"Census Tract 124, Orleans, LA",0,0,0.12592228234136743,0.10723069355632071,0.0,0.008362026561731432,813.0,1017.0,0.008362026561731432,256.0,17.0,0.0,0.05410723069355632,1.0,584.0,2033.0,0.18002951303492376,0.3999016232169208,6.0,0.038366945400885394,0.500245941957698,0,32.0,0.0,0.004426955238563699,0.4840137727496311,984.0,0.01574028529267093,218.0,78.0,2033.0,0,110.0
14000US22071012500,0.22117962466487937,35.0,0.0435656836461126,0.0,0.0,206.0,"Census Tract 125, Orleans, LA",0.003351206434316354,0,0.08512064343163539,0.08310991957104558,6.0,0.023458445040214475,789.0,386.0,0.023458445040214475,127.0,35.0,0.0,0.048927613941018765,1.0,330.0,1492.0,0.1380697050938338,0.5288203753351206,65.0,0.03686327077747989,0.2587131367292225,0.004021447721179625,18.0,5.0,0,0.670911528150134,1001.0,0.012064343163538873,124.0,55.0,1492.0,0,73.0
14000US22071012600,0.17496229260935142,26.0,0.0930115635997989,0.0,0.0,234.0,"Census Tract 126, Orleans, LA",0.003519356460532931,0,0.08949220713926596,0.05731523378582202,0.0,0.013071895424836602,919.0,79.0,0.013071895424836602,178.0,26.0,0.0,0.02815485168426345,1.0,348.0,1989.0,0.11764705882352941,0.4620412267471091,185.0,0.02262443438914027,0.03971845148315736,0,11.0,7.0,0,0.8506787330316742,1692.0,0.005530417295123178,114.0,45.0,1989.0,0,56.0
14000US22071012700,0.21431276031806135,33.0,0,0.0,7.0,399.0,"Census Tract 127, Orleans, LA",0,0,0.12192351382052254,0.06323362362741386,0.0,0.012495266944339266,903.0,1036.0,0.012495266944339266,322.0,33.0,0.0,0.029155622870124954,1.0,566.0,2641.0,0.1510791366906475,0.3419159409314654,0.0,0.024990533888678532,0.39227565316168117,0,11.0,0.0,0.0026505111700113595,0.5925785687239682,1565.0,0.0041650889814464215,167.0,66.0,2641.0,0,77.0
14000US22071012800,0.18045705279747834,0.0,0.039401103230890466,0.0,125.0,330.0,"Census Tract 128, Orleans, LA",0.00591016548463357,0,0.10480693459416864,0.0504334121355398,0.0,0,1003.0,686.0,0.0031520882584712374,266.0,8.0,8.0,0.0252167060677699,1.0,458.0,2538.0,0.13002364066193853,0.3951930654058314,100.0,0.019306540583136328,0.2702915681639086,0,15.0,15.0,0.04925137903861308,0.6319936958234831,1604.0,0.00591016548463357,128.0,49.0,2538.0,0.0031520882584712374,64.0
14000US22071012900,0.22465753424657534,33.0,0.06095890410958904,0.0,28.0,253.0,"Census Tract 129, Orleans, LA",0,0,0.11575342465753424,0.05136986301369863,7.0,0.022602739726027398,700.0,294.0,0.022602739726027398,169.0,33.0,0.0,0.05273972602739726,1.0,328.0,1460.0,0.17328767123287672,0.4794520547945205,89.0,0.05273972602739726,0.20136986301369864,0.004794520547945206,0.0,0.0,0.019178082191780823,0.6958904109589041,1016.0,0,75.0,77.0,1460.0,0,77.0
14000US22071013000,0.14366373902132998,0.0,0,0.0,9.0,81.0,"Census Tract 130, Orleans, LA",0,0,0.035759096612296114,0.09284818067754078,0.0,0,656.0,959.0,0,57.0,0.0,0.0,0.015056461731493099,1.0,229.0,1594.0,0.05081555834378921,0.411543287327478,0.0,0.013174404015056462,0.6016311166875784,0,3.0,0.0,0.0056461731493099125,0.39272271016311167,626.0,0.0018820577164366374,148.0,21.0,1594.0,0,24.0
14000US22071013100,0.13639220615964803,6.0,0,0.0,0.0,138.0,"Census Tract 131, Orleans, LA",0,0,0.05279698302954117,0.049654305468258955,10.0,0.003771213073538655,644.0,1419.0,0.003771213073538655,84.0,6.0,0.0,0.02765556253928347,1.0,217.0,1591.0,0.08673790069138906,0.404776869893149,0.0,0.02765556253928347,0.8918918918918919,0.006285355122564425,0.0,0.0,0,0.10433689503456946,166.0,0,79.0,44.0,1591.0,0,44.0
14000US22071013200,0.16745587602238485,0.0,0,0.0,1.0,209.0,"Census Tract 132, Orleans, LA",0,0,0.07619457597933707,0.07748600947051226,0.0,0,845.0,1581.0,0,177.0,0.0,0.0,0.013775290572535515,1.0,389.0,2323.0,0.08996986655187258,0.36375376668101594,0.0,0.01076194575979337,0.6805854498493328,0,7.0,0.0,0.00043047783039173483,0.3189840723202755,741.0,0.003013344812742144,180.0,25.0,2323.0,0,32.0
14000US22071013301,0.38763240767248786,23.0,0.017749785284855425,0.0,0.0,723.0,"Census Tract 133.01, Orleans, LA",0,0,0.12997423418265103,0.18064700830231892,0.0,0.006584597766962496,1042.0,26.0,0.009161179501860864,454.0,32.0,9.0,0.0770111651875179,1.0,1354.0,3493.0,0.2069853993701689,0.2983109075293444,62.0,0.06212424849699399,0.007443458345261953,0,52.0,0.0,0,0.9656455768680218,3373.0,0.014886916690523905,631.0,217.0,3493.0,0.002576581734898368,269.0
14000US22071013302,0.3384146341463415,19.0,0.06453252032520325,0.0,69.0,410.0,"Census Tract 133.02, Orleans, LA",0,0,0.1717479674796748,0.13008130081300814,29.0,0.009654471544715448,664.0,382.0,0.009654471544715448,338.0,19.0,0.0,0.02184959349593496,1.0,666.0,1968.0,0.20833333333333334,0.33739837398373984,127.0,0.015752032520325202,0.19410569105691056,0.014735772357723578,12.0,0.0,0.0350609756097561,0.6966463414634146,1371.0,0.006097560975609756,256.0,31.0,1968.0,0,43.0
14000US22071013400,0.18894736842105264,89.0,0.08736842105263158,0.0,49.0,280.0,"Census Tract 134, Orleans, LA",0,0,0.10789473684210527,0.041578947368421056,6.0,0.04684210526315789,989.0,392.0,0.04684210526315789,205.0,89.0,0.0,0.03631578947368421,1.0,359.0,1900.0,0.14736842105263157,0.5205263157894737,166.0,0.018947368421052633,0.2063157894736842,0.003157894736842105,33.0,0.0,0.025789473684210525,0.6336842105263157,1204.0,0.017368421052631578,79.0,36.0,1900.0,0,69.0
14000US22071013500,0.20549927641099855,54.0,0.02894356005788712,0.0,10.0,209.0,"Census Tract 135, Orleans, LA",0.00482392667631452,0,0.08055957549445249,0.10467920887602508,0.0,0.02604920405209841,957.0,42.0,0.02604920405209841,167.0,54.0,0.0,0.020260492040520984,1.0,426.0,2073.0,0.10082006753497347,0.46164978292329956,60.0,0.009165460684997588,0.020260492040520984,0,23.0,10.0,0.00482392667631452,0.9150988904968644,1897.0,0.011095031355523395,217.0,19.0,2073.0,0,42.0
14000US22071013600,0.24221789883268482,4.0,0,0.0,0.0,150.0,"Census Tract 136, Orleans, LA",0,0,0.14299610894941633,0.0963035019455253,0.0,0.0038910505836575876,671.0,609.0,0.0038910505836575876,147.0,4.0,0.0,0.0029182879377431907,1.0,249.0,1028.0,0.14591439688715954,0.6527237354085603,0.0,0,0.5924124513618677,0,3.0,0.0,0,0.4036964980544747,415.0,0.0029182879377431907,99.0,0.0,1028.0,0,3.0
14000US22071013700,0.15359297860669227,0.0,0,0.0,0.0,123.0,"Census Tract 137, Orleans, LA",0,0,0.060888645090510146,0.08612177729018101,0.0,0,266.0,1768.0,0,111.0,0.0,0.0,0.006582556226001097,1.0,280.0,1823.0,0.06747120131651124,0.14591332967635764,0.0,0.006582556226001097,0.9698299506308283,0,0.0,0.0,0,0.030170049369171694,55.0,0,157.0,12.0,1823.0,0,12.0
14000US22071013800,0.18121363258520365,0.0,0,0.0,0.0,60.0,"Census Tract 138, Orleans, LA",0,0,0.04987531172069826,0.1313383208645054,0.0,0,605.0,1142.0,0,60.0,0.0,0.0,0,1.0,218.0,1203.0,0.04987531172069826,0.5029093931837074,0.0,0,0.9492934330839568,0,0.0,0.0,0,0.05070656691604322,61.0,0,158.0,0.0,1203.0,0,0.0
14000US22071013900,0.1220414201183432,9.0,0.021449704142011833,0.0,42.0,99.0,"Census Tract 139, Orleans, LA",0.015532544378698224,0,0.07100591715976332,0.04881656804733728,0.0,0.006656804733727811,777.0,555.0,0.006656804733727811,96.0,9.0,0.0,0.0022189349112426036,1.0,165.0,1352.0,0.07322485207100592,0.5747041420118343,29.0,0.0022189349112426036,0.41050295857988167,0,0.0,21.0,0.03106508875739645,0.514792899408284,696.0,0,66.0,3.0,1352.0,0,3.0
14000US22071014000,0.04111498257839721,8.0,0,0.0,0.0,23.0,"Census Tract 140, Orleans, LA",0.0027874564459930314,0,0.01602787456445993,0.025087108013937282,0.0,0.005574912891986063,272.0,1342.0,0.005574912891986063,23.0,8.0,0.0,0,1.0,59.0,1435.0,0.01602787456445993,0.18954703832752615,0.0,0,0.935191637630662,0,0.0,4.0,0,0.05644599303135889,81.0,0,36.0,0.0,1435.0,0,0.0
14000US22071014100,0.05952380952380952,5.0,0,0.0,7.0,52.0,"Census Tract 141, Orleans, LA",0,0,0.02947845804988662,0.030045351473922902,0.0,0.002834467120181406,666.0,1299.0,0.003968253968253968,52.0,7.0,2.0,0,1.0,105.0,1764.0,0.02947845804988662,0.37755102040816324,0.0,0,0.7363945578231292,0,0.0,0.0,0.003968253968253968,0.2556689342403628,451.0,0,53.0,0.0,1764.0,0.0011337868480725624,0.0
14000US22071014200,0.2366318377381684,0.0,0.015980331899200985,0.0,0.0,270.0,"Census Tract 142, Orleans, LA",0,0,0.14013521819299324,0.07068223724646588,11.0,0,739.0,705.0,0,228.0,0.0,0.0,0.019053472649047325,1.0,385.0,1627.0,0.16594960049170251,0.45421020282728947,26.0,0.003073140749846343,0.43331284572833434,0.006760909649661954,26.0,0.0,0,0.5507068223724647,896.0,0.015980331899200985,115.0,5.0,1627.0,0,31.0
14000US22071014300,0.06476190476190476,10.0,0.0009523809523809524,0.0,0.0,4.0,"Census Tract 143, Orleans, LA",0,0,0.0038095238095238095,0.06095238095238095,0.0,0.009523809523809525,483.0,1017.0,0.009523809523809525,4.0,10.0,0.0,0,1.0,68.0,1050.0,0.0038095238095238095,0.46,1.0,0,0.9685714285714285,0,0.0,0.0,0,0.02095238095238095,22.0,0,64.0,0.0,1050.0,0,0.0
14000US22071014400,0.2332118688183238,199.0,0,0.0,131.0,284.0,"Census Tract 144, Orleans, LA",0.010931806350858927,0,0.10567412805830297,0.08537220197813639,0.0,0.10359187922956793,745.0,748.0,0.10359187922956793,203.0,199.0,0.0,0.042165538781884435,1.0,448.0,1921.0,0.1478396668401874,0.38781884435190006,0.0,0.025507548152004164,0.3893805309734513,0,32.0,21.0,0.06819364914107236,0.4279021343050495,822.0,0.01665799062988027,164.0,49.0,1921.0,0,81.0
14000US22071014500,0,17.0,0.004895416110369382,0.0,18.0,0.0,"Census Tract 145, Orleans, LA",0.004005340453938585,0,0,0,0.0,0.0075656430796617715,0.0,1748.0,0.0075656430796617715,0.0,17.0,0.0,0,1.0,0.0,2247.0,0,0,11.0,0,0.7779261237205163,0,0.0,9.0,0.00801068090787717,0.19759679572763686,444.0,0,0.0,0.0,2247.0,0,0.0
14000US22071980000,0,0.0,0.07692307692307693,0.0,0.0,0.0,"Census Tract 9800, Orleans, LA",0,0,0,0,0.0,0,0.0,1.0,0,0.0,0.0,0.0,0,1.0,0.0,13.0,0,0,1.0,0,0.07692307692307693,0,0.0,0.0,0,0.8461538461538461,11.0,0,0.0,0.0,13.0,0,0.0
14000US22071980100,0,0.0,0,0.0,0.0,0.0,"Census Tract 9801, Orleans, LA",0,0,0,0,0.0,0,0.0,0.0,0,0.0,0.0,0.0,0,0,0.0,0.0,0,0,0.0,0,0,0,0.0,0.0,0,0,0.0,0,0.0,0.0,0.0,0,0.0
14000US22071990000,0,0.0,0,0.0,0.0,0.0,"Census Tract 9900, Orleans, LA",0,0,0,0,0.0,0,0.0,0.0,0,0.0,0.0,0.0,0,0,0.0,0.0,0,0,0.0,0,0,0,0.0,0.0,0,0,0.0,0,0.0,0.0,0.0,0,0.0
16000US2255000,0.20065493677634028,4195.0,0.029296411614290276,322.0,5278.0,40172.0,"New Orleans, LA",0.0032278189960955692,0.0009431558228155838,0.0964684379640722,0.08298892524172029,493.0,0.01228738719475582,752.0,205449.0,0.014235209002744525,32935.0,4860.0,665.0,0.019753549282820797,1.0,68505.0,341407.0,0.11766601153461997,0.0022026496234699346,10002.0,0.012744319829411816,0.6017714926758971,0.0014440242877269652,2393.0,1102.0,0.015459554139194568,0.3350663577489624,114394.0,0.007009229453408981,28333.0,4351.0,341407.0,0.0019478218079887056,6744.0
