{
    "release": {
        "id": "acs2012_5yr",
        "name": "ACS 2012 5-year",
        "years": "2008-2012"
    },
    "tables": {
        "B19013": {
            "title": "Median Household Income in the Past 12 Months (In 2012 Inflation-adjusted Dollars)",
            "universe": "Households",
            "denominator_column_id": null,
            "columns": {
                "B19013001": {
                    "name": "Median household income in the past 12 months (in 2012 inflation-adjusted dollars)",
                    "indent": 0
                }
            }
        }
    }
}