"case_number","p_sell","p_demolish","error","variance"
"12-07330-PNBL",0.983057496631981,0.0169425033680194,0.0169425033680194,0.000325860137500291
"12-07373-PNBL",0.135423982913754,0.864576017086246,0.135423982913754,0.0228428594796135
"12-07374-PNBL",0.897276281192286,0.102723718807714,0.897276281192286,0.807208674612083
"12-07415-PNBL",0.987310916535711,0.0126890834642892,0.0126890834642892,0.000202968710746139
"12-07461-PNBL",0.0842227859100789,0.915777214089921,0.915777214089921,0.841129452716319
"12-07481-PNBL",0.800659236566445,0.199340763433555,0.199340763433555,0.0487128208857321
"12-07485-PNBL",0.981855091614684,0.0181449083853157,0.981855091614684,0.964119496844699
"12-07606-PNBL",0.988543846803189,0.0114561531968106,0.0114561531968106,0.00015024839318778
"12-07660-PNBL",0.0456882286035456,0.954311771396454,0.0456882286035456,0.00238890001620517
"12-07689-PNBL",0.983856234762391,0.0161437652376087,0.0161437652376087,0.000398680147005892
"12-07729-PNBL",0.989045175973522,0.0109548240264777,0.0109548240264777,0.000162745317849283
"12-07732-PNBL",0.990255732259386,0.00974426774061436,0.00974426774061436,0.000106769723370793
"12-07761-PNBL",0.954625153937594,0.0453748460624056,0.0453748460624056,0.00303269257474873
"12-07853-PNBL",0.981013039530343,0.0189869604696566,0.0189869604696566,0.000590346739228749
"12-07889-PNBL",0.0625767838979524,0.937423216102048,0.0625767838979524,0.0047131770336883
"12-07987-PNBL",0.987963947404564,0.0120360525954357,0.0120360525954357,0.00015907049666293
"12-08008-PNBL",0.978725577639362,0.0212744223606383,0.0212744223606383,0.000662038782040737
"12-08091-PNBL",0.705067676712464,0.294932323287536,0.294932323287536,0.0982568230513229
"12-08166-PNBL",0.988043550663954,0.011956449336046,0.011956449336046,0.000158193506975768
"12-08189-PNBL",0.984590119339579,0.0154098806604214,0.0154098806604214,0.000373796421599228
"12-08190-PNBL",0.984892619505207,0.015107380494793,0.015107380494793,0.000338721464571016
"12-08206-PNBL",0.986367614636851,0.0136323853631492,0.0136323853631492,0.000236496561817705
"12-08233-PNBL",0.989976993807494,0.0100230061925058,0.0100230061925058,0.000109394606780313
"12-08235-PNBL",0.989313190384831,0.0106868096151693,0.0106868096151693,0.00013041342044262
"12-08289-PNBL",0.0430391513213133,0.956960848678687,0.0430391513213133,0.00208803549812037
"12-08311-PNBL",0.903080279451446,0.0969197205485536,0.0969197205485536,0.0131552315391103
"12-08324-PNBL",0.98124612116521,0.0187538788347903,0.0187538788347903,0.000435270348412405
"12-08360-PNBL",0.066351646713155,0.933648353286845,0.066351646713155,0.00594687677450892
"12-08363-PNBL",0.988739471823272,0.0112605281767282,0.0112605281767282,0.000142644454505876
"12-08400-PNBL",0.989718134058923,0.0102818659410768,0.0102818659410768,0.000115523965418969
"12-08419-PNBL",0.983850881641875,0.0161491183581246,0.0161491183581246,0.000350582545306033
"12-08504-PNBL",0.988920158525188,0.0110798414748122,0.0110798414748122,0.000139442436597189
"12-08548-PNBL",0.0771983524913937,0.922801647508606,0.0771983524913937,0.0078385919303954
"12-08626-PNBL",0.952347493108152,0.0476525068918478,0.0476525068918478,0.00406043671148614
"12-08642-PNBL",0.237727159806128,0.762272840193872,0.762272840193872,0.590628856032397
"12-08652-PNBL",0.977916537272011,0.0220834627279886,0.0220834627279886,0.000549111515858405
"12-08664-PNBL",0.989109754269473,0.0108902457305267,0.0108902457305267,0.000128823816034604
"12-08880-PNBL",0.986282201518944,0.0137177984810564,0.0137177984810564,0.00024843874541052
"12-08897-PNBL",0.989430499593674,0.0105695004063261,0.0105695004063261,0.000122247027495816
"12-08909-PNBL",0.786384119256907,0.213615880743093,0.213615880743093,0.0519340122725614
"12-08966-PNBL",0.961262836128684,0.0387371638713164,0.0387371638713164,0.00186384232121837
"12-09012-PNBL",0.650795082626995,0.349204917373005,0.349204917373005,0.136678793045109
"12-09049-PNBL",0.956143266269455,0.0438567337305455,0.0438567337305455,0.00345858057950322
"12-09082-PNBL",0.988573741209161,0.0114262587908387,0.0114262587908387,0.00014648238182508
"12-09085-PNBL",0.988571201071033,0.0114287989289666,0.0114287989289666,0.000157317582168267
"12-09102-PNBL",0.983856803231902,0.0161431967680979,0.0161431967680979,0.000360662792435708
"12-09121-PNBL",0.989311915333914,0.0106880846660857,0.0106880846660857,0.000125332320187611
"12-09142-PNBL",0.988598241216321,0.0114017587836791,0.0114017587836791,0.0001421985171795
"12-09143-PNBL",0.985851752973379,0.0141482470266205,0.0141482470266205,0.000284140829202736
"12-09181-PNBL",0.0487402912786371,0.951259708721363,0.951259708721363,0.905442313038388
"12-09190-PNBL",0.988356395956845,0.0116436040431546,0.0116436040431546,0.000150905973397727
"12-09191-PNBL",0.989077486208487,0.0109225137915131,0.0109225137915131,0.00013311280579956
"12-09247-PNBL",0.922528345659743,0.0774716543402572,0.0774716543402572,0.00784071063767977
"12-09295-PNBL",0.989860104641368,0.0101398953586318,0.0101398953586318,0.000120164892783431
"12-09332-PNBL",0.509096233673075,0.490903766326925,0.490903766326925,0.252872717241235
"12-09429-PNBL",0.770106142313735,0.229893857686265,0.229893857686265,0.0651909353330858
"12-09431-PNBL",0.989522289617732,0.0104777103822682,0.0104777103822682,0.000120789676241092
"12-09447-PNBL",0.531820506100582,0.468179493899418,0.468179493899418,0.225621124474015
"12-09498-PNBL",0.985613778883941,0.0143862211160591,0.0143862211160591,0.000290960555023628
"12-09503-PNBL",0.989375588141766,0.0106244118582345,0.0106244118582345,0.000123060780849756
"12-09514-PNBL",0.988203708645173,0.0117962913548274,0.0117962913548274,0.000160867188578373
"12-09526-PNBL",0.98853674091569,0.0114632590843096,0.0114632590843096,0.000146401274256879
"12-09557-PNBL",0.982394695417609,0.0176053045823907,0.0176053045823907,0.000619698515030927
"12-09624-PNBL",0.988915109666409,0.0110848903335907,0.0110848903335907,0.000136759186169287
"12-09646-PNBL",0.974122368394397,0.0258776316056034,0.0258776316056034,0.000906179647479312
"12-09710-PNBL",0.955966117331727,0.0440338826682732,0.0440338826682732,0.00297537085544855
"12-09743-PNBL",0.989380704343073,0.0106192956569272,0.0106192956569272,0.00012887927004969
"12-09756-PNBL",0.976756129578919,0.0232438704210812,0.0232438704210812,0.000906714922124993
"12-09757-PNBL",0.988120644550661,0.0118793554493387,0.0118793554493387,0.000172104243413327
"12-09766-PNBL",0.977617973089125,0.0223820269108749,0.0223820269108749,0.000783568808826509
"12-09858-PNBL",0.988679711701924,0.0113202882980758,0.0113202882980758,0.00014275644312246
"12-09865-PNBL",0.9893751871481,0.0106248128519005,0.0106248128519005,0.000123083395454889
"12-09884-PNBL",0.938585589769097,0.0614144102309026,0.0614144102309026,0.00477495446146754
"12-09898-PNBL",0.741406684195239,0.258593315804761,0.741406684195239,0.564624150317601
"12-09926-PNBL",0.641771549167686,0.358228450832314,0.358228450832314,0.139759908151426
"12-09935-PNBL",0.862215491745093,0.137784508254907,0.137784508254907,0.0243094888504418
"12-09943-PNBL",0.355912971083328,0.644087028916672,0.355912971083328,0.143975916837897
"12-09944-PNBL",0.987451259075139,0.0125487409248608,0.0125487409248608,0.000176265843996563
"12-10003-PNBL",0.986904839225526,0.0130951607744743,0.0130951607744743,0.000202991078647839
"12-10031-PNBL",0.608638509443869,0.391361490556131,0.608638509443869,0.390666598938012
"12-10033-PNBL",0.322921295836038,0.677078704163962,0.677078704163962,0.489270482681872
"12-10071-PNBL",0.978045595796089,0.0219544042039112,0.0219544042039112,0.000823482453252005
"12-10113-PNBL",0.599683030960174,0.400316969039826,0.400316969039826,0.171668715633778
"12-10129-PNBL",0.987814090933067,0.0121859090669326,0.0121859090669326,0.000177932866004434
"12-10132-PNBL",0.102250631556577,0.897749368443423,0.897749368443423,0.810213940289717
"12-10149-PNBL",0.989825545970529,0.0101744540294706,0.0101744540294706,0.00011280355372979
"12-10171-PNBL",0.978354246575583,0.0216457534244173,0.0216457534244173,0.000873158841078737
"12-10175-PNBL",0.55292567380115,0.44707432619885,0.44707432619885,0.209059805088762
"12-10198-PNBL",0.986584667678709,0.0134153323212915,0.0134153323212915,0.00023314245213557
"12-10232-PNBL",0.781004855355161,0.218995144644839,0.218995144644839,0.0546822006365125
"12-10262-PNBL",0.783591984800013,0.216408015199987,0.216408015199987,0.0579709742148261
"12-10264-PNBL",0.949268667711194,0.0507313322888059,0.0507313322888059,0.00399120571572971
"12-10277-PNBL",0.0893937621887045,0.910606237811295,0.910606237811295,0.830084794464561
"12-10280-PNBL",0.869824966744947,0.130175033255053,0.869824966744947,0.762581134935727
"12-10400-PNBL",0.067273229246998,0.932726770753002,0.067273229246998,0.00585897830999511
"12-10402-PNBL",0.988773384257053,0.0112266157429473,0.0112266157429473,0.000152416020673649
"12-10406-PNBL",0.974709892977244,0.0252901070227562,0.0252901070227562,0.000863307078782444
"12-10417-PNBL",0.988092656394423,0.0119073436055767,0.0119073436055767,0.000193027613545896
"12-10428-PNBL",0.929998846630085,0.070001153369915,0.070001153369915,0.0073282568690787
"12-10450-PNBL",0.0600637376517445,0.939936262348255,0.0600637376517445,0.00434580084545315
"12-10458-PNBL",0.982847274631049,0.017152725368951,0.017152725368951,0.000351304088612512
"12-10482-PNBL",0.610892724999591,0.389107275000409,0.389107275000409,0.16851343440732
"12-10495-PNBL",0.97174461546942,0.0282553845305797,0.0282553845305797,0.00122783549906515
"12-10598-PNBL",0.703903104475083,0.296096895524917,0.296096895524917,0.0943271978325963
"12-10655-PNBL",0.988817143482846,0.0111828565171544,0.0111828565171544,0.000138903773834215
"12-10672-PNBL",0.98187835610724,0.01812164389276,0.01812164389276,0.000558927207562676
"12-10708-PNBL",0.985130391895185,0.0148696081048153,0.0148696081048153,0.000310977815331968
"12-10834-PNBL",0.987314738121676,0.0126852618783239,0.0126852618783239,0.000221348503854338
"12-10848-PNBL",0.988938776580497,0.0110612234195032,0.0110612234195032,0.000134983811678212
"12-10859-PNBL",0.979262338302753,0.0207376616972467,0.0207376616972467,0.000657635192846691
"12-10866-PNBL",0.235371384188208,0.764628615811792,0.235371384188208,0.0667806275012898
"12-10898-PNBL",0.862986290922019,0.137013709077981,0.137013709077981,0.0220216633141705
"12-10952-PNBL",0.982905787764118,0.0170942122358817,0.0170942122358817,0.00043392167536933
"12-10981-PNBL",0.978618026771989,0.0213819732280108,0.0213819732280108,0.000603731815703754
"12-11000-PNBL",0.988345727280325,0.0116542727196749,0.0116542727196749,0.000164328526321279
"12-11097-PNBL",0.988760916225355,0.0112390837746454,0.0112390837746454,0.000142085761851851
"12-11103-PNBL",0.9883140395463,0.0116859604537001,0.0116859604537001,0.000156953842290951
"12-11105-PNBL",0.965457296663418,0.0345427033365824,0.0345427033365824,0.00164801138576826
"12-11106-PNBL",0.103497073273146,0.896502926726854,0.103497073273146,0.0128505944687955
"12-11151-PNBL",0.958864054171914,0.0411359458280858,0.0411359458280858,0.00252983459817488
"12-11317-PNBL",0.109802072455374,0.890197927544626,0.109802072455374,0.0155683325291675
"12-11326-PNBL",0.989958233089332,0.0100417669106676,0.0100417669106676,0.00011075307682203
"12-11328-PNBL",0.926107167294533,0.0738928327054668,0.0738928327054668,0.00760679177845379
"12-11372-PNBL",0.941643066635757,0.0583569333642425,0.0583569333642425,0.00478194213840948
"12-11431-PNBL",0.989649720491026,0.0103502795089737,0.0103502795089737,0.000116280219548292
"12-11477-PNBL",0.122629747456264,0.877370252543736,0.122629747456264,0.0198470807217089
"12-11503-PNBL",0.268927875324245,0.731072124675755,0.731072124675755,0.547076811937541
"12-11530-PNBL",0.989587164507024,0.0104128354929759,0.0104128354929759,0.000120581563693212
"12-11538-PNBL",0.144251294243075,0.855748705756925,0.144251294243075,0.0253392091479057
"12-11578-PNBL",0.986035767170013,0.0139642328299872,0.0139642328299872,0.000267812708741099
"12-11689-PNBL",0.986273370315209,0.0137266296847905,0.0137266296847905,0.000211478482731756
"12-11695-PNBL",0.801483037732773,0.198516962267227,0.198516962267227,0.0438739433713529
"12-11710-PNBL",0.989185614884537,0.0108143851154628,0.0108143851154628,0.000127464861153572
"12-11748-PNBL",0.057469811938705,0.942530188061295,0.057469811938705,0.004138322903848
"12-11775-PNBL",0.972789475207809,0.0272105247921914,0.0272105247921914,0.00117732840242735
"12-11870-PNBL",0.98417380093504,0.0158261990649603,0.0158261990649603,0.000285045542395777
"12-11912-PNBL",0.987214026358735,0.0127859736412653,0.0127859736412653,0.000183167037468636
"12-11913-PNBL",0.987815314684779,0.0121846853152209,0.0121846853152209,0.000162137585376956
"12-11914-PNBL",0.0401746436239989,0.959825356376001,0.0401746436239989,0.00178157212289543
"12-11920-PNBL",0.986403493533766,0.0135965064662343,0.0135965064662343,0.000305299952001877
"12-11944-PNBL",0.988296003344582,0.0117039966554185,0.0117039966554185,0.000152120762579386
"12-11965-PNBL",0.0684364246885287,0.931563575311471,0.0684364246885287,0.00575514415486589
"12-11975-PNBL",0.988884194591725,0.0111158054082747,0.0111158054082747,0.00013754981421525
"12-11989-PNBL",0.970744884748471,0.0292551152515293,0.0292551152515293,0.00117671821003134
"12-12050-PNBL",0.646584004518185,0.353415995481815,0.646584004518185,0.436855766898016
"12-12052-PNBL",0.0996296658886266,0.900370334111373,0.0996296658886266,0.011304992170068
"12-12058-PNBL",0.988888041886088,0.0111119581139124,0.0111119581139124,0.000136347405080657
"12-12078-PNBL",0.132017461065361,0.867982538934639,0.132017461065361,0.020380168547658
"12-12155-PNBL",0.30461395307774,0.69538604692226,0.30461395307774,0.107836501504971
"12-12163-PNBL",0.990085614155793,0.00991438584420729,0.00991438584420729,0.000109283624630411
"12-12230-PNBL",0.176814914813903,0.823185085186097,0.176814914813903,0.0373123225712997
"12-12344-PNBL",0.813016065237415,0.186983934762585,0.813016065237415,0.668052978600553
"12-12350-PNBL",0.0910978192654808,0.908902180734519,0.0910978192654808,0.0104345648292705
"12-12370-PNBL",0.9881188785379,0.0118811214620996,0.0118811214620996,0.000158280758575808
"12-12422-PNBL",0.118671243743217,0.881328756256783,0.118671243743217,0.0164573207231133
"12-12472-PNBL",0.957734726535803,0.0422652734641975,0.0422652734641975,0.00284071276101482
"12-12691-PNBL",0.977427706358316,0.0225722936416839,0.0225722936416839,0.000739557247421361
"12-12736-PNBL",0.990664565158953,0.00933543484104664,0.00933543484104664,0.0000945169081432614
"12-12750-PNBL",0.959899138707676,0.0401008612923237,0.0401008612923237,0.00261664498239302
"12-12751-PNBL",0.0461983522114005,0.9538016477886,0.0461983522114005,0.00245089825439868
"12-12780-PNBL",0.959476103130674,0.0405238968693261,0.0405238968693261,0.00258464278317999
"12-12889-PNBL",0.981982079837656,0.0180179201623437,0.0180179201623437,0.000394314357849749
"12-12922-PNBL",0.752852691040903,0.247147308959097,0.247147308959097,0.0732261335755381
"12-12944-PNBL",0.984974850326366,0.0150251496736335,0.0150251496736335,0.000258372398147634
"13-00076-PNBL",0.987368354088448,0.0126316459115516,0.0126316459115516,0.000183126265486377
"13-00228-PNBL",0.118829182905515,0.881170817094485,0.118829182905515,0.0161535835435095
"13-00301-PNBL",0.989978015652064,0.0100219843479358,0.0100219843479358,0.000115579368952501
"13-00326-PNBL",0.864260115001992,0.135739884998008,0.135739884998008,0.0240886720964666
"13-00331-PNBL",0.0442951324697063,0.955704867530294,0.0442951324697063,0.00232468271427905
"13-00357-PNBL",0.971043237088862,0.0289567629111376,0.0289567629111376,0.00112941692702058
"13-00421-PNBL",0.98669500143453,0.0133049985654702,0.0133049985654702,0.000247953271913432
"13-00431-PNBL",0.987074200247472,0.0129257997525281,0.0129257997525281,0.000210815069382246
"13-00436-PNBL",0.988265028322934,0.0117349716770657,0.0117349716770657,0.00016662419051689
"13-00483-PNBL",0.974556284259991,0.0254437157400091,0.0254437157400091,0.000828527346213552
"13-00615-PNBL",0.988367510820043,0.0116324891799565,0.0116324891799565,0.000147146594577368
"13-00619-PNBL",0.978894157369357,0.0211058426306431,0.0211058426306431,0.00057007090558877
"13-00626-PNBL",0.970904719372162,0.029095280627838,0.029095280627838,0.0013104519431951
"13-00745-PNBL",0.98926090092847,0.0107390990715305,0.0107390990715305,0.000126680475420876
"13-00760-PNBL",0.26956234121223,0.73043765878777,0.26956234121223,0.0832200950576603
"13-00761-PNBL",0.173783795518018,0.826216204481982,0.173783795518018,0.0362650324496963
"13-00789-PNBL",0.972025350735386,0.0279746492646143,0.0279746492646143,0.00114917514422662
"13-00814-PNBL",0.989850301019413,0.0101496989805871,0.0101496989805871,0.000115212898865484
"13-00854-PNBL",0.971106488086091,0.0288935119139088,0.0288935119139088,0.00122106550435708
"13-00897-PNBL",0.989257885600446,0.0107421143995544,0.0107421143995544,0.00012632413795873
"13-00982-PNBL",0.928750639937965,0.0712493600620351,0.928750639937965,0.864561885690308
"13-01000-PNBL",0.922359554425869,0.0776404455741314,0.922359554425869,0.852809470103626
"13-01007-PNBL",0.113584727332942,0.886415272667058,0.113584727332942,0.0158520701912625
"13-01016-PNBL",0.672806743696018,0.327193256303982,0.327193256303982,0.119106633092352
"13-01032-PNBL",0.988589228680237,0.0114107713197631,0.0114107713197631,0.000141859301937212
"13-01033-PNBL",0.983457388464797,0.0165426115352028,0.0165426115352028,0.000307197564845973
"13-01106-PNBL",0.988047776245668,0.0119522237543324,0.0119522237543324,0.000161894891496756
"13-01130-PNBL",0.966597390653345,0.0334026093466549,0.0334026093466549,0.00150470036967324
"13-01171-PNBL",0.774188328538593,0.225811671461407,0.225811671461407,0.0599587857770414
"13-01174-PNBL",0.179648117548237,0.820351882451763,0.820351882451763,0.677789714846888
"13-01222-PNBL",0.967214243906194,0.0327857560938063,0.0327857560938063,0.00145347042188916
"13-01223-PNBL",0.988516357556706,0.0114836424432941,0.0114836424432941,0.000165005461768335
"13-01224-PNBL",0.985907806524251,0.0140921934757487,0.0140921934757487,0.000241518489282885
"13-01240-PNBL",0.988323824976604,0.0116761750233962,0.0116761750233962,0.000176278663553265
"13-01317-PNBL",0.977563985786565,0.0224360142134353,0.0224360142134353,0.00082714753725671
"13-01322-PNBL",0.198838939004933,0.801161060995067,0.198838939004933,0.0487300061611461
"13-01360-PNBL",0.964841700814804,0.0351582991851965,0.0351582991851965,0.00211203053172479
"13-01433-PNBL",0.988000783171726,0.0119992168282737,0.0119992168282737,0.000178719078077916
"13-01443-PNBL",0.863276835198209,0.136723164801791,0.863276835198209,0.748952358473963
"13-01445-PNBL",0.81493439662313,0.18506560337687,0.18506560337687,0.0410370534846152
"13-01446-PNBL",0.954846278702992,0.0451537212970077,0.0451537212970077,0.00278288882666211
"13-01485-PNBL",0.813440141760686,0.186559858239314,0.813440141760686,0.669858255943424
"13-01488-PNBL",0.137324680742654,0.862675319257346,0.137324680742654,0.0221419528047909
"13-01511-PNBL",0.253985242718052,0.746014757281948,0.253985242718052,0.0732248206229314
"13-01521-PNBL",0.962871311422521,0.0371286885774786,0.962871311422521,0.927898835331838
"13-01556-PNBL",0.271125100699554,0.728874899300446,0.271125100699554,0.0851531419112481
"13-01588-PNBL",0.989965564521534,0.010034435478466,0.010034435478466,0.000108790415363049
"13-01682-PNBL",0.410124461892911,0.589875538107089,0.589875538107089,0.364946039468883
"13-01728-PNBL",0.970029074766072,0.0299709252339281,0.0299709252339281,0.00158669972230378
"13-01764-PNBL",0.08824758721893,0.91175241278107,0.08824758721893,0.00907679361516621
"13-01768-PNBL",0.975842583865761,0.0241574161342394,0.0241574161342394,0.000753294618690845
"13-01805-PNBL",0.63392161280855,0.36607838719145,0.36607838719145,0.153910077073329
"13-01822-PNBL",0.0432432438727826,0.956756756127217,0.0432432438727826,0.00223492763619523
"13-01827-PNBL",0.922295514702629,0.0777044852973709,0.0777044852973709,0.00815208169904602
"13-01924-PNBL",0.112053058028495,0.887946941971505,0.112053058028495,0.0148078535335501
"13-01972-PNBL",0.108728853849745,0.891271146150255,0.891271146150255,0.796930793707121
"13-01988-PNBL",0.509592854153082,0.490407145846918,0.490407145846918,0.250696771304218
"13-01989-PNBL",0.852533485024357,0.147466514975643,0.147466514975643,0.027980080519216
"13-02018-PNBL",0.0826200545027962,0.917379945497204,0.0826200545027962,0.00866905668766374
"13-02045-PNBL",0.172498964398868,0.827501035601132,0.172498964398868,0.0340468803477105
"13-02046-PNBL",0.975500297466921,0.0244997025330786,0.0244997025330786,0.000961194873028885
"13-02104-PNBL",0.989263060791436,0.0107369392085642,0.0107369392085642,0.00012696158373723
"13-02121-PNBL",0.968114739325387,0.0318852606746127,0.0318852606746127,0.00160575385378392
"13-02124-PNBL",0.980918432847424,0.0190815671525758,0.0190815671525758,0.00062632455012101
"13-02178-PNBL",0.989658863089468,0.0103411369105316,0.0103411369105316,0.000123086639052852
"13-02181-PNBL",0.130776740721085,0.869223259278915,0.130776740721085,0.0201389504009582
"13-02187-PNBL",0.988462299203995,0.0115377007960052,0.0115377007960052,0.000149084219526847
"13-02191-PNBL",0.654836333117124,0.345163666882876,0.345163666882876,0.141547046634025
"13-02201-PNBL",0.456215742998389,0.543784257001611,0.456215742998389,0.220016330648951
"13-02205-PNBL",0.990018208833109,0.00998179116689087,0.00998179116689087,0.000110685205168357
"13-02224-PNBL",0.956312081480773,0.0436879185192274,0.0436879185192274,0.0029336220450983
"13-02271-PNBL",0.985263294028809,0.0147367059711913,0.0147367059711913,0.000274442887515827
"13-02408-PNBL",0.898193374460177,0.101806625539823,0.101806625539823,0.0135425214693253
"13-02411-PNBL",0.795460496968075,0.204539503031925,0.204539503031925,0.048423706083562
"13-02415-PNBL",0.558146025004436,0.441853974995564,0.441853974995564,0.202277092431243
"13-02461-PNBL",0.0743170449067582,0.925682955093242,0.0743170449067582,0.0071788655158873
"13-02463-PNBL",0.0431264483679749,0.956873551632025,0.0431264483679749,0.0021458088530595
"13-02483-PNBL",0.722002916720674,0.277997083279326,0.277997083279326,0.0899714827708553
"13-02605-PNBL",0.969253844348394,0.0307461556516062,0.0307461556516062,0.00154306750767685
"13-02666-PNBL",0.0390657820110736,0.960934217988926,0.0390657820110736,0.00169454322466025
"13-02674-PNBL",0.989649904144856,0.0103500958551435,0.0103500958551435,0.000120115824240086
"13-02727-PNBL",0.965818499193939,0.0341815008060611,0.0341815008060611,0.00162901646636431
"13-02892-PNBL",0.973602765408801,0.0263972345911985,0.0263972345911985,0.00113359039598656
"13-02925-PNBL",0.934073841114979,0.0659261588850205,0.934073841114979,0.874318777565707
"13-02960-PNBL",0.973306156167289,0.026693843832711,0.026693843832711,0.00122780507499703
"13-03014-PNBL",0.983577239047084,0.0164227609529159,0.0164227609529159,0.000428344808831262
"13-03149-PNBL",0.0653309003693292,0.934669099630671,0.0653309003693292,0.00585500698471889
"13-03176-PNBL",0.985123214852327,0.0148767851476729,0.0148767851476729,0.000305671964222476
"13-03204-PNBL",0.975811229259078,0.0241887707409215,0.0241887707409215,0.000993654559262556
"13-03297-PNBL",0.945649512005737,0.0543504879942629,0.0543504879942629,0.00377559030049626
"13-03299-PNBL",0.169077927755064,0.830922072244936,0.169077927755064,0.0362200769729209
"13-03381-PNBL",0.957422904605651,0.042577095394349,0.042577095394349,0.00277012651725811
"13-03410-PNBL",0.790001250879446,0.209998749120554,0.790001250879446,0.631352369477359
"13-03459-PNBL",0.718775380960938,0.281224619039062,0.718775380960938,0.530211781912252
"13-03483-PNBL",0.988448455912379,0.0115515440876215,0.0115515440876215,0.000154909348465986
"13-03501-PNBL",0.982757720438815,0.0172422795611846,0.0172422795611846,0.00046410352274323
"13-03506-PNBL",0.989107070486299,0.0108929295137013,0.0108929295137013,0.000130184349838123
"13-03515-PNBL",0.986117873790362,0.0138821262096378,0.0138821262096378,0.000253356725330238
"13-03521-PNBL",0.988779147397294,0.0112208526027057,0.0112208526027057,0.000139169795251737
"13-03536-PNBL",0.965779236931217,0.0342207630687827,0.0342207630687827,0.00185419422136776
"13-03542-PNBL",0.98760979619247,0.0123902038075296,0.0123902038075296,0.000179337135660682
"13-03580-PNBL",0.121370359995569,0.878629640004431,0.121370359995569,0.0183584349437671
"13-03616-PNBL",0.990360977386621,0.00963902261337908,0.00963902261337908,0.000100760164670161
"13-03699-PNBL",0.206272941401876,0.793727058598124,0.206272941401876,0.047351038173512
"13-03761-PNBL",0.967889394385192,0.032110605614808,0.032110605614808,0.00187112543577856
"13-03793-PNBL",0.0687192090637898,0.93128079093621,0.0687192090637898,0.00611897213837116
"13-03794-PNBL",0.101619626489351,0.898380373510649,0.898380373510649,0.808207699384003
"13-03796-PNBL",0.986067132004409,0.0139328679955912,0.0139328679955912,0.000216767570715507
"13-03826-PNBL",0.761659877863813,0.238340122136187,0.238340122136187,0.0653808960488987
"13-03843-PNBL",0.989953723346842,0.0100462766531578,0.0100462766531578,0.000112464014335093
"13-03848-PNBL",0.0540922484306648,0.945907751569335,0.0540922484306648,0.00372952847040116
"13-03868-PNBL",0.179242792239447,0.820757207760553,0.179242792239447,0.0363727941959036
"13-03900-PNBL",0.919734747897329,0.080265252102671,0.080265252102671,0.00924964592505221
"13-03967-PNBL",0.983036358062692,0.0169636419373083,0.0169636419373083,0.000445671809293105
"13-03981-PNBL",0.741643179557207,0.258356820442793,0.741643179557207,0.560135047009782
"13-04070-PNBL",0.986531316774207,0.0134686832257934,0.0134686832257934,0.000220417259179391
"13-04090-PNBL",0.988707489675957,0.0112925103240428,0.0112925103240428,0.000149047982197411
"13-04094-PNBL",0.976220431760032,0.0237795682399683,0.0237795682399683,0.000657465417619096
"13-04114-PNBL",0.988752370321723,0.011247629678277,0.011247629678277,0.000160323040005383
"13-04147-PNBL",0.989078079258286,0.0109219207417141,0.0109219207417141,0.00013200318772706
"13-04169-PNBL",0.0479293463619585,0.952070653638041,0.0479293463619585,0.00282995297362897
"13-04217-PNBL",0.977052081256351,0.0229479187436486,0.0229479187436486,0.000888884338275985
"13-04227-PNBL",0.989522375463863,0.0104776245361365,0.0104776245361365,0.000123367962882907
"13-04276-PNBL",0.987872826386995,0.0121271736130048,0.0121271736130048,0.000167094902528007
"13-04326-PNBL",0.988384771059175,0.0116152289408252,0.0116152289408252,0.000148171631624762
"13-04330-PNBL",0.0414806828584428,0.958519317141557,0.0414806828584428,0.00189187230172174
"13-04359-PNBL",0.989106147061635,0.0108938529383651,0.0108938529383651,0.000132674537365017
"13-04372-PNBL",0.0887278791735756,0.911272120826424,0.0887278791735756,0.00874153403427211
"13-04378-PNBL",0.951604264729237,0.0483957352707633,0.0483957352707633,0.00369258829108779
"13-04399-PNBL",0.975583926268452,0.0244160737315481,0.0244160737315481,0.00100037338996387
"13-04411-PNBL",0.975288019204388,0.0247119807956122,0.0247119807956122,0.000870182895831408
"13-04416-PNBL",0.976745743923518,0.0232542560764824,0.0232542560764824,0.000628562413015341
"13-04468-PNBL",0.699760302074577,0.300239697925423,0.300239697925423,0.104419883630693
"13-04469-PNBL",0.139714459205865,0.860285540794135,0.860285540794135,0.742230281737021
"13-04473-PNBL",0.245063505187764,0.754936494812236,0.245063505187764,0.0678238744380205
"13-04492-PNBL",0.989510804732046,0.0104891952679541,0.0104891952679541,0.000120208669361257
"13-04498-PNBL",0.119304547000537,0.880695452999463,0.880695452999463,0.777812619650958
"13-04502-PNBL",0.0889701065965372,0.911029893403463,0.911029893403463,0.831731233760459
"13-04507-PNBL",0.990069107925475,0.00993089207452461,0.00993089207452461,0.000106799267106314
"13-04532-PNBL",0.990248079107508,0.00975192089249159,0.00975192089249159,0.000108677310117942
"13-04540-PNBL",0.989111612420703,0.0108883875792972,0.0108883875792972,0.000157904677531151
"13-04580-PNBL",0.96577635621511,0.0342236437848896,0.0342236437848896,0.00181724856618435
"13-04598-PNBL",0.989626303482461,0.0103736965175395,0.0103736965175395,0.000118870598281963
"13-04600-PNBL",0.0397297558125477,0.960270244187452,0.0397297558125477,0.00175459951886912
"13-04619-PNBL",0.990316392123281,0.00968360787671902,0.990316392123281,0.980739568754635
"13-04634-PNBL",0.988530714270598,0.0114692857294016,0.0114692857294016,0.000159678977435542
"13-04640-PNBL",0.863430058517342,0.136569941482658,0.136569941482658,0.0232952018691204
"13-04665-PNBL",0.982004528758485,0.0179954712415147,0.0179954712415147,0.000398056360339328
"13-04681-PNBL",0.70233940410619,0.29766059589381,0.29766059589381,0.101761239075391
"13-04697-PNBL",0.990511140239346,0.00948885976065428,0.00948885976065428,0.0000971318388017729
"13-04715-PNBL",0.757146871496831,0.242853128503169,0.242853128503169,0.0697275217527129
"13-04717-PNBL",0.935073643831862,0.0649263561681378,0.0649263561681378,0.00585426213741334
"13-04723-PNBL",0.978243287860445,0.021756712139555,0.021756712139555,0.000864795606250787
"13-04772-PNBL",0.96797829592583,0.0320217040741696,0.0320217040741696,0.00168174797589837
"13-04781-PNBL",0.986630339581443,0.0133696604185574,0.0133696604185574,0.00029931104604926
"13-04797-PNBL",0.987753567888497,0.0122464321115031,0.0122464321115031,0.000223120086528885
"13-04809-PNBL",0.962762317625152,0.0372376823748479,0.0372376823748479,0.00240959920871247
"13-04815-PNBL",0.949877223948608,0.0501227760513921,0.0501227760513921,0.00335131190554839
"13-04822-PNBL",0.989380742969759,0.0106192570302412,0.0106192570302412,0.000124239825567426
"13-04835-PNBL",0.976282318881411,0.0237176811185893,0.0237176811185893,0.00107458542717804
"13-04836-PNBL",0.0601631212884346,0.939836878711565,0.0601631212884346,0.00446447310634329
"13-04850-PNBL",0.988852683210831,0.0111473167891694,0.0111473167891694,0.000135798347348851
"13-04865-PNBL",0.975901525574211,0.0240984744257886,0.0240984744257886,0.00106921025198446
"13-04879-PNBL",0.0436890048756021,0.956310995124398,0.0436890048756021,0.00216783961246824
"13-04889-PNBL",0.987313206710641,0.0126867932893593,0.0126867932893593,0.000179100313265409
"13-04942-PNBL",0.122200444311769,0.877799555688231,0.877799555688231,0.773028694622464
"13-04947-PNBL",0.0670514253431048,0.932948574656895,0.0670514253431048,0.00556085309792796
"13-04982-PNBL",0.737130970566043,0.262869029433957,0.262869029433957,0.0785854244731678
"13-05001-PNBL",0.977542255766515,0.0224577442334845,0.0224577442334845,0.000742017362552844
"13-05008-PNBL",0.969025904616371,0.0309740953836292,0.0309740953836292,0.00129664609386646
"13-05013-PNBL",0.445171370409293,0.554828629590707,0.445171370409293,0.214905965264202
"13-05035-PNBL",0.881078629154044,0.118921370845956,0.118921370845956,0.0214014986179047
"13-05036-PNBL",0.309443561900486,0.690556438099514,0.309443561900486,0.109266073317383
"13-05043-PNBL",0.0721161521630505,0.927883847836949,0.0721161521630505,0.00652470016233601
"13-05044-PNBL",0.857638359607569,0.142361640392431,0.142361640392431,0.0235862808068751
"13-05045-PNBL",0.150809847652105,0.849190152347895,0.150809847652105,0.0278553985742293
"13-05070-PNBL",0.986705510914821,0.0132944890851789,0.0132944890851789,0.000247395015116427
"13-05074-PNBL",0.0768882186267057,0.923111781373294,0.0768882186267057,0.00786744152332561
"13-05121-PNBL",0.908455398154618,0.0915446018453824,0.0915446018453824,0.0120393045725688
"13-05125-PNBL",0.986001044987267,0.0139989550127325,0.0139989550127325,0.000261039001138142
"13-05167-PNBL",0.237322845362329,0.762677154637671,0.762677154637671,0.59532102293706
"13-05168-PNBL",0.989329435912504,0.0106705640874955,0.0106705640874955,0.000124974266033706
"13-05169-PNBL",0.989597656530045,0.0104023434699553,0.0104023434699553,0.000118786677309616
"13-05178-PNBL",0.867858074726255,0.132141925273745,0.132141925273745,0.0204092211837739
"13-05212-PNBL",0.214744828288784,0.785255171711216,0.214744828288784,0.0535652848726866
"13-05252-PNBL",0.975643741966003,0.0243562580339973,0.0243562580339973,0.0007676343970169
"13-05291-PNBL",0.985858864895009,0.0141411351049912,0.0141411351049912,0.000291273894727306
"13-05309-PNBL",0.989118694657886,0.0108813053421143,0.0108813053421143,0.000129892736141416
"13-05325-PNBL",0.0942298303985937,0.905770169601406,0.0942298303985937,0.0110888516586638
"13-05326-PNBL",0.977152795780543,0.0228472042194571,0.0228472042194571,0.000902834150633519
"13-05360-PNBL",0.169907948984272,0.830092051015728,0.169907948984272,0.0337395202145093
"13-05364-PNBL",0.0560437603640735,0.943956239635926,0.0560437603640735,0.00388372510543502
"13-05377-PNBL",0.988207734789171,0.011792265210829,0.011792265210829,0.000167237220417395
"13-05425-PNBL",0.138375375759169,0.861624624240831,0.138375375759169,0.0225262011606167
"13-05428-PNBL",0.986479776268084,0.0135202237319156,0.0135202237319156,0.000214231156754626
"13-05438-PNBL",0.906656246916146,0.0933437530838541,0.906656246916146,0.82688255651548
"13-05450-PNBL",0.989232654420519,0.0107673455794806,0.0107673455794806,0.00012745198150757
"13-05476-PNBL",0.972235676047809,0.0277643239521908,0.0277643239521908,0.00130960927188321
"13-05479-PNBL",0.0555031183366073,0.944496881663393,0.0555031183366073,0.00362307578095919
"13-05484-PNBL",0.989180391670061,0.0108196083299387,0.0108196083299387,0.000148841207996139
"13-05486-PNBL",0.969590952675446,0.030409047324554,0.030409047324554,0.00147608240855782
"13-05487-PNBL",0.0915694389832018,0.908430561016798,0.0915694389832018,0.0101102769521558
"13-05585-PNBL",0.0617437277404525,0.938256272259548,0.0617437277404525,0.00458188720853061
"13-05588-PNBL",0.971519388979449,0.028480611020551,0.028480611020551,0.00142986232980646
"13-05598-PNBL",0.978610787956599,0.0213892120434013,0.0213892120434013,0.000546597685175383
"13-05602-PNBL",0.942279674475929,0.057720325524071,0.057720325524071,0.00535465467615046
"13-05609-PNBL",0.987020572513467,0.0129794274865331,0.0129794274865331,0.000191669874112862
"13-05620-PNBL",0.987068248157027,0.0129317518429734,0.0129317518429734,0.000185611568750073
"13-05634-PNBL",0.299126339831164,0.700873660168836,0.700873660168836,0.503666519787885
"13-05651-PNBL",0.959787087524298,0.0402129124757017,0.0402129124757017,0.00259003539630818
"13-05677-PNBL",0.137017470438952,0.862982529561048,0.137017470438952,0.0237931321214677
"13-05686-PNBL",0.98528709628287,0.0147129037171302,0.0147129037171302,0.000274342318614238
"13-05694-PNBL",0.800003757692808,0.199996242307192,0.199996242307192,0.0508516154573487
"13-05713-PNBL",0.970125136407942,0.0298748635920576,0.970125136407942,0.941499074583023
"13-05723-PNBL",0.650295429035067,0.349704570964933,0.349704570964933,0.134894257303373
"13-05725-PNBL",0.245512232575062,0.754487767424938,0.245512232575062,0.0715334596008907
"13-05727-PNBL",0.623438210221476,0.376561789778524,0.376561789778524,0.150239685132447
"13-05743-PNBL",0.984838824506678,0.0151611754933222,0.0151611754933222,0.000331553692555866
"13-05761-PNBL",0.989124642189808,0.0108753578101922,0.0108753578101922,0.000133704110877036
"13-05768-PNBL",0.986650806462451,0.0133491935375486,0.0133491935375486,0.000222176465431539
"13-05769-PNBL",0.988201470453357,0.0117985295466431,0.0117985295466431,0.000178305466294119
"13-05801-PNBL",0.950177552164264,0.0498224478357361,0.0498224478357361,0.00340515744481492
"13-05830-PNBL",0.987737297465103,0.012262702534897,0.012262702534897,0.000167733920601561
"13-05847-PNBL",0.963029531693666,0.0369704683063335,0.0369704683063335,0.00206876388370732
"13-05897-PNBL",0.101393331670486,0.898606668329514,0.898606668329514,0.810026337341471
"13-05936-PNBL",0.896817754634396,0.103182245365604,0.103182245365604,0.0145310617453586
"13-05939-PNBL",0.987795451651731,0.0122045483482685,0.0122045483482685,0.000185787932195983
"13-05949-PNBL",0.984897566964707,0.0151024330352927,0.0151024330352927,0.000344072741381938
"13-06006-PNBL",0.8879758650061,0.1120241349939,0.1120241349939,0.0168077167184491
"13-06045-PNBL",0.951756649730398,0.0482433502696024,0.0482433502696024,0.00339701146025909
"13-06065-PNBL",0.123890523451606,0.876109476548394,0.123890523451606,0.0179356096607041
"13-06111-PNBL",0.585877836573181,0.414122163426819,0.414122163426819,0.1883288284863
"13-06173-PNBL",0.984113111740196,0.0158868882598039,0.0158868882598039,0.000435636791181211
"13-06176-PNBL",0.984661934364292,0.0153380656357082,0.0153380656357082,0.00038288153935853
"13-06192-PNBL",0.989083360039595,0.0109166399604049,0.0109166399604049,0.000130890693994783
"13-06200-PNBL",0.89998204586434,0.10001795413566,0.10001795413566,0.0136717387039282
"13-06293-PNBL",0.987129303534272,0.0128706964657284,0.0128706964657284,0.000211458305835717
"13-06325-PNBL",0.131542911859831,0.868457088140169,0.131542911859831,0.0225522465699725
"13-06338-PNBL",0.675726715626349,0.324273284373651,0.324273284373651,0.117860426703656
"13-06339-PNBL",0.859141757743625,0.140858242256375,0.859141757743625,0.743389045121181
"13-06349-PNBL",0.986351551913369,0.0136484480866307,0.0136484480866307,0.000206585647418414
"13-06367-PNBL",0.976953992056462,0.0230460079435381,0.0230460079435381,0.000979312992457676
"13-06387-PNBL",0.222671356555138,0.777328643444862,0.222671356555138,0.0558229577641651
"13-06426-PNBL",0.96446600536065,0.0355339946393499,0.0355339946393499,0.00178743992298123
"13-06474-PNBL",0.780702107895515,0.219297892104485,0.219297892104485,0.0567477070617713
"13-06507-PNBL",0.964656563757391,0.035343436242609,0.035343436242609,0.00184454528663748
"13-06524-PNBL",0.983850035029325,0.0161499649706754,0.0161499649706754,0.000332035428005989
"13-06529-PNBL",0.985952198695315,0.0140478013046854,0.0140478013046854,0.000262815940193276
"13-06573-PNBL",0.980903740189735,0.019096259810265,0.019096259810265,0.000564860784014309
"13-06606-PNBL",0.98795623062429,0.0120437693757099,0.0120437693757099,0.000182848423936097
"13-06607-PNBL",0.986505607191027,0.0134943928089729,0.0134943928089729,0.000252310157051696
"13-06684-PNBL",0.988568744107887,0.0114312558921126,0.0114312558921126,0.00014602121554009
"13-06833-PNBL",0.983482252421642,0.0165177475783579,0.0165177475783579,0.000379273565674741
"13-06894-PNBL",0.980729762896888,0.0192702371031123,0.0192702371031123,0.00052101754336733
"13-07009-PNBL",0.988915651551939,0.0110843484480611,0.0110843484480611,0.000136846090243574
"13-07021-PNBL",0.961933627156851,0.0380663728431492,0.0380663728431492,0.00261323306531529
"13-07049-PNBL",0.984795765496335,0.0152042345036648,0.0152042345036648,0.000288345598105817
"13-07070-PNBL",0.987277932730161,0.0127220672698389,0.0127220672698389,0.000214684516809969
"13-07152-PNBL",0.925537328803927,0.0744626711960726,0.0744626711960726,0.00739429389553281
"13-07162-PNBL",0.98270990351147,0.0172900964885301,0.0172900964885301,0.000463478785367787
"13-07213-PNBL",0.986255031130167,0.0137449688698333,0.0137449688698333,0.000264962459796079
"13-07224-PNBL",0.986797092754392,0.0132029072456082,0.0132029072456082,0.000211598926049305
"13-07274-PNBL",0.979538651287592,0.0204613487124084,0.0204613487124084,0.000730507451789958
"13-07277-PNBL",0.985363121261341,0.0146368787386589,0.0146368787386589,0.000366790131180729
"13-07301-PNBL",0.830481619179722,0.169518380820278,0.169518380820278,0.0356910262890653
"13-07349-PNBL",0.978486834651517,0.0215131653484833,0.0215131653484833,0.000850912548532376
"13-07389-PNBL",0.985178142012679,0.0148218579873206,0.0148218579873206,0.000264164500137133
"13-07424-PNBL",0.987058498222934,0.0129415017770664,0.0129415017770664,0.000200326475718657
"13-07542-MPM",0.983940539170392,0.0160594608296075,0.0160594608296075,0.000333560446658619
"13-07559-MPM",0.131131700384405,0.868868299615595,0.868868299615595,0.757735246910875
"13-07561-MPM",0.165377056633925,0.834622943366075,0.165377056633925,0.0327389104433951
"13-07596-MPM",0.984225760694303,0.015774239305697,0.015774239305697,0.000361616233501116
"13-07645-MPM",0.93322831393017,0.0667716860698301,0.0667716860698301,0.00619442001123632
"13-07804-MPM",0.970969870671884,0.0290301293281157,0.0290301293281157,0.00116204745612461
"13-07832-MPM",0.988084363797586,0.0119156362024142,0.0119156362024142,0.000160908047254547
"CEHB-11-0050",0.977429544211965,0.0225704557880345,0.0225704557880345,0.000921051302250114
"CEHB-11-0056",0.458826028513028,0.541173971486972,0.541173971486972,0.313234492743994
"CEHB-11-0075",0.988105008031517,0.0118949919684834,0.0118949919684834,0.000157991139852725
"CEHB-11-0092",0.99000812121932,0.00999187878067982,0.00999187878067982,0.000112494003921859
"CEHB-11-0155",0.983834982137678,0.0161650178623225,0.983834982137678,0.967978519018868
"CEHB-11-0164",0.0406115770519501,0.95938842294805,0.0406115770519501,0.00186034195186867
"CEHB-11-0198",0.0564631620202956,0.943536837979704,0.0564631620202956,0.00374276149092342
"CEHB-11-0199",0.892752177175964,0.107247822824036,0.107247822824036,0.0163026552154702
"CEHB-11-0225",0.143772812906002,0.856227187093998,0.143772812906002,0.0254992908677109
"CEHB-11-0506",0.0407435605386546,0.959256439461345,0.0407435605386546,0.00185231934098432
"CEHB-11-0608",0.138046828473733,0.861953171526267,0.138046828473733,0.0219568363846952
"CEHB-11-0666",0.108552805242669,0.891447194757331,0.108552805242669,0.0150151858373584
"CEHB-11-0741",0.623388764202186,0.376611235797814,0.376611235797814,0.147087163258963
"CEHB-11-0848",0.989261733598846,0.0107382664011539,0.0107382664011539,0.000129244401904231
"CEHB-11-0877",0.989316622937794,0.0106833770622057,0.0106833770622057,0.000125754283829116
"CEHB-11-1047",0.986681600620826,0.0133183993791741,0.0133183993791741,0.00023369831270513
"CEHB-11-1049",0.872620664440005,0.127379335559995,0.872620664440005,0.767186097261438
"CEHB-11-1217",0.985268684061548,0.0147313159384516,0.0147313159384516,0.000276543447427977
"CEHB-11-1243",0.974738934570511,0.0252610654294888,0.0252610654294888,0.000891665935708383
"CEHB-11-1273",0.980155244100502,0.0198447558994981,0.0198447558994981,0.00061992814314951
"CEHB-11-1313",0.126995424954096,0.873004575045904,0.126995424954096,0.0192376757398087
"CEHB-11-1349",0.0500562069159455,0.949943793084055,0.0500562069159455,0.00293494770155863
"CEHB-11-1395",0.962003517006533,0.0379964829934669,0.0379964829934669,0.00219549702231768
"CEHB-11-1536",0.989547279042396,0.0104527209576037,0.0104527209576037,0.00011893539660451
"CEHB-11-1552",0.104323132530392,0.895676867469608,0.104323132530392,0.0120111884531254
"CEHB-11-1599",0.0437320569339878,0.956267943066012,0.0437320569339878,0.00216214353485896
"CEHB-11-1617",0.988578708043958,0.0114212919560425,0.0114212919560425,0.000144730671717953
"CEHB-11-1734",0.0559926712824619,0.944007328717538,0.0559926712824619,0.00371433618933142
"CEHB-11-1867",0.788689071392114,0.211310928607886,0.211310928607886,0.0537764506545594
"CEHB-11-2129",0.988455132584458,0.011544867415542,0.011544867415542,0.000147049718238756
"CEHB-11-2207",0.795566962753633,0.204433037246367,0.204433037246367,0.0521050459599519
"CEHB-11-2250",0.0448101898501613,0.955189810149839,0.0448101898501613,0.00232579302271751
"CEHB-11-2341",0.988687537515273,0.011312462484727,0.011312462484727,0.000140935010855145
"CEHB-11-2772",0.968511819270868,0.0314881807291315,0.0314881807291315,0.00177218078762799
"CEHB-11-2823",0.988951028758768,0.0110489712412324,0.0110489712412324,0.000133230914784479
"CEHB-11-2926",0.988682666499725,0.0113173335002749,0.0113173335002749,0.000144167283062212
"CEHB-11-3231",0.0483014830663701,0.95169851693363,0.0483014830663701,0.00277644288557346
"CEHB-11-3233",0.987442166464848,0.0125578335351517,0.0125578335351517,0.000208725306632386
"CEHB-11-3253",0.732431978401685,0.267568021598315,0.267568021598315,0.0819262715032005
"CEHB-11-3279",0.987080144818633,0.0129198551813673,0.0129198551813673,0.000191048348497892
"CEHB-11-3373",0.988371592563301,0.0116284074366995,0.0116284074366995,0.000151337465477695
"CEHB-11-3435",0.159548062223338,0.840451937776662,0.159548062223338,0.0303149806047817
"CEHB-11-3447",0.984857470881845,0.0151425291181552,0.0151425291181552,0.000320479094721187
"CEHB-11-3614",0.0804866386570912,0.919513361342909,0.919513361342909,0.846826916163543
"CEHB-11-3911",0.988567034360464,0.0114329656395363,0.0114329656395363,0.000181440218228036
"CEHB-11-3917",0.985898325604432,0.0141016743955679,0.0141016743955679,0.000222814699163927
"CEHB-11-3931",0.988053290638207,0.0119467093617925,0.0119467093617925,0.000186598143563807
"CEHB-11-3938",0.988373967261117,0.0116260327388834,0.0116260327388834,0.000148351759542065
"CEHB-11-3942",0.916854346546634,0.0831456534533658,0.0831456534533658,0.00903809383455887
"CEHB-11-3956",0.0638921553095856,0.936107844690414,0.0638921553095856,0.00525949929908842
"CEHB-11-3957",0.0765862152544796,0.92341378474552,0.0765862152544796,0.00726815474935421
"CEHB-11-4158",0.989649602132914,0.0103503978670863,0.0103503978670863,0.000123003650894579
"CEHB-11-4387",0.157452465598917,0.842547534401083,0.157452465598917,0.0284451625163957
"CEHB-11-4516",0.960771153280855,0.0392288467191446,0.0392288467191446,0.00251396554015193
"CEHB-11-4569",0.977939434643931,0.0220605653560686,0.0220605653560686,0.000805492391112724
"CEHB-11-5007",0.0418302519280372,0.958169748071963,0.0418302519280372,0.00199512827745951
"CEHB-11-5379",0.940984514863365,0.0590154851366351,0.0590154851366351,0.00420006110553685
"CEHB-11-5404",0.977029603797522,0.0229703962024779,0.0229703962024779,0.000611357291074149
"CEHB-11-5408",0.988875507769719,0.0111244922302809,0.0111244922302809,0.000136798123825858
"CEHB-11-5429",0.986682353455974,0.0133176465440261,0.0133176465440261,0.000258022329313681
"CEHB-11-5590",0.975914003565197,0.0240859964348029,0.0240859964348029,0.0011137607988238
"CEHB-11-5698",0.988849414175736,0.0111505858242643,0.0111505858242643,0.000146922559463099
"CEHB-11-5749",0.409688620460939,0.590311379539061,0.409688620460939,0.185525336045885
"CEHB-11-5753",0.985147999550987,0.0148520004490133,0.0148520004490133,0.000330355381881305
"CEHB-11-5754",0.985462057406475,0.0145379425935247,0.0145379425935247,0.000307148753284039
"CEHB-11-5794",0.0520633290534972,0.947936670946503,0.0520633290534972,0.00312771105881755
"CEHB-11-5798",0.983708417721311,0.0162915822786889,0.0162915822786889,0.000402547053310745
"CEHB-11-5953",0.987451831247826,0.012548168752174,0.012548168752174,0.000174761896546741
"CEHB-11-5956",0.830582610834291,0.169417389165709,0.169417389165709,0.0358624748282943
"CEHB-11-6107",0.989923427489475,0.0100765725105252,0.0100765725105252,0.000113616946170646
"CEHB-11-6117",0.901822256525727,0.0981777434742727,0.0981777434742727,0.0153317204886185
"CEHB-11-6137",0.0417420265669168,0.958257973433083,0.0417420265669168,0.0018892168401567
"CEHB-11-6220",0.94387132839512,0.0561286716048799,0.0561286716048799,0.00445119990526039
"CEHB-11-6257",0.963586455597983,0.0364135444020168,0.0364135444020168,0.00195086131304691
"CEHB-11-6424",0.984259742653416,0.015740257346584,0.015740257346584,0.000275749905728979
"CEHB-11-6624",0.0436250012089731,0.956374998791027,0.0436250012089731,0.00214527703205378
"CEHB-11-6675",0.145764486405818,0.854235513594182,0.145764486405818,0.0254760314839363
"CEHB-11-6720",0.988397699375294,0.0116023006247056,0.0116023006247056,0.000164135684464739
"CEHB-11-7001",0.984891751646438,0.015108248353562,0.015108248353562,0.000324639299070427
"CEHB-11-7143",0.985400402845319,0.0145995971546813,0.0145995971546813,0.000314394531856743
"CEHB-11-7332",0.988176047581814,0.0118239524181858,0.0118239524181858,0.000173729839490826
"CEHB-11-7339",0.0558735636578468,0.944126436342153,0.0558735636578468,0.00381865608271113
"CEHB-11-7355",0.99000394016022,0.00999605983977972,0.00999605983977972,0.000111916259055516
"CEHB-11-7361",0.989460387365305,0.0105396126346954,0.0105396126346954,0.000121563978006314
"CEHB-11-7386",0.813631421489389,0.18636857851061,0.18636857851061,0.0422177155359914
"CEHB-11-7389",0.989156903758358,0.0108430962416425,0.0108430962416425,0.000129189199698445
"CEHB-11-7390",0.044843136100724,0.955156863899276,0.044843136100724,0.00230046598234791
"CEHB-11-7461",0.678947449441986,0.321052550558014,0.321052550558014,0.131138128513419
"CEHB-11-7475",0.504988899232465,0.495011100767535,0.504988899232465,0.259545786458734
"CEHB-11-7494",0.233424682366634,0.766575317633366,0.233424682366634,0.0661064157690788
"CEHB-11-7549",0.9666240293712,0.0333759706288002,0.0333759706288002,0.0014618621385113
"CEHB-11-7553",0.05959958354363,0.94040041645637,0.05959958354363,0.00454100988810809
"CEHB-11-7599",0.927576839115446,0.0724231608845541,0.0724231608845541,0.00834510454995762
"CEHB-11-7627",0.989820592342041,0.010179407657959,0.010179407657959,0.000112263856868131
"CEHB-11-7649",0.177978201676003,0.822021798323997,0.177978201676003,0.0356267133227807
"CEHB-11-7862",0.981116037625466,0.0188839623745344,0.0188839623745344,0.000450098675902161
"CEHB-11-7996",0.943290838955499,0.0567091610445007,0.943290838955499,0.891152850911433
"CEHB-11-8080",0.0429727191721637,0.957027280827836,0.0429727191721637,0.00212042767082189
"CEHB-11-8082",0.990246627484686,0.00975337251531404,0.00975337251531404,0.000106483047548454
"CEHB-11-8129",0.988837352540662,0.0111626474593382,0.0111626474593382,0.000135945660459231
"CEHB-11-8340",0.98991234240769,0.0100876575923097,0.0100876575923097,0.000113808392530862
"CEHB-11-8367",0.961646204892713,0.038353795107287,0.038353795107287,0.00197734940208895
"CEHB-11-8396",0.988999388260678,0.0110006117393217,0.0110006117393217,0.000132029031842628
"CEHB-12-0056",0.0675776232235432,0.932422376776457,0.0675776232235432,0.00571764983702566
"CEHB-12-0178",0.11491960601255,0.88508039398745,0.11491960601255,0.0166086484815387
"CEHB-12-0346",0.11035996806953,0.88964003193047,0.11035996806953,0.0139830897859524
"CEHB-12-0347",0.939707203101405,0.0602927968985949,0.0602927968985949,0.00495058328718527
"CEHB-12-0352",0.974520261059183,0.0254797389408168,0.974520261059183,0.950157037716217
"CEHB-12-0364",0.989262848652355,0.0107371513476447,0.0107371513476447,0.000126731386078518
"CEHB-12-0368",0.990329478239508,0.00967052176049189,0.00967052176049189,0.000101006405991479
"CEHB-12-0454",0.0412924577324924,0.958707542267508,0.0412924577324924,0.00192157447319066
"CEHB-12-0460",0.963660555329628,0.0363394446703725,0.0363394446703725,0.00179753714048307
"CEHB-12-0498",0.983847164812901,0.0161528351870992,0.0161528351870992,0.000305962748308605
"CEHB-12-0536",0.0423033633588004,0.9576966366412,0.0423033633588004,0.00198270588811117
"CEHB-12-0656",0.98897869977368,0.0110213002263199,0.0110213002263199,0.000139468288733082
"CEHB-12-0676",0.986841087319077,0.0131589126809228,0.0131589126809228,0.00021585939793068
"CEHB-12-0764",0.445742940542093,0.554257059457907,0.445742940542093,0.21209267103303
"CEHB-12-0794",0.0772575072386054,0.922742492761395,0.0772575072386054,0.00752130744788539
"CEHB-12-0964",0.162389331176958,0.837610668823042,0.162389331176958,0.0307364274675837
"CEHB-12-1016",0.979980970146213,0.0200190298537874,0.0200190298537874,0.000604765604365951
"CEHB-12-1054",0.979201189214684,0.0207988107853157,0.0207988107853157,0.000824390880649025
"CEHB-12-1077",0.0503500254100621,0.949649974589938,0.0503500254100621,0.00300382291756643
"CEHB-12-1081",0.663024399960937,0.336975600039063,0.336975600039063,0.121935610832737
"CEHB-12-1089",0.988487660348091,0.0115123396519088,0.0115123396519088,0.000148800024113471
"CEHB-12-1100",0.98300581169724,0.0169941883027603,0.0169941883027603,0.000368382317334205
"CEHB-12-1132",0.968191185469505,0.0318088145304954,0.0318088145304954,0.00151148813489437
"CEHB-12-1258",0.943186103885315,0.0568138961146852,0.0568138961146852,0.00490675802659257
"CEHB-12-1330",0.0887352457671757,0.911264754232824,0.0887352457671757,0.0095500008476522
"CEHB-12-1369",0.0404721466747311,0.959527853325269,0.0404721466747311,0.00181894435649817
"CEHB-12-1536",0.978140243542271,0.0218597564577292,0.0218597564577292,0.000744571430344822
"CEHB-12-1567",0.14919552806477,0.85080447193523,0.14919552806477,0.0268356498115152
"CEHB-12-1570",0.967003808328994,0.0329961916710064,0.0329961916710064,0.00166231377568868
"CEHB-12-1598",0.358407248036189,0.641592751963811,0.358407248036189,0.145591807169932
"CEHB-12-1632",0.989305003478362,0.010694996521638,0.010694996521638,0.000125542246491642
"CEHB-12-1686",0.988103095645465,0.0118969043545349,0.0118969043545349,0.000196377435685656
"CEHB-12-1701",0.919476110015342,0.0805238899846576,0.0805238899846576,0.00902365832715161
"CEHB-12-1727",0.0642615497640872,0.935738450235913,0.0642615497640872,0.00488425658837214
"CEHB-12-1728",0.987757565270621,0.0122424347293788,0.0122424347293788,0.000207805244319592
"CEHB-12-1761",0.975264131292239,0.0247358687077609,0.0247358687077609,0.00112541066387655
"CEHB-12-1828",0.747902916726717,0.252097083273283,0.252097083273283,0.0784150681308353
"CEHB-12-1839",0.986644540375769,0.0133554596242308,0.0133554596242308,0.000198605745878841
"CEHB-12-1874",0.986864443645788,0.0131355563542119,0.0131355563542119,0.000231254340175831
"CEHB-12-1879",0.98917769489394,0.0108223051060598,0.0108223051060598,0.000129292568863771
"CEHB-12-1921",0.108932950473181,0.891067049526819,0.108932950473181,0.0134746060265879
"HCEC-12-01069",0.0456664245229547,0.954333575477045,0.0456664245229547,0.00245582557728853
"HCEC-12-01390",0.978479982717376,0.0215200172826239,0.0215200172826239,0.000640085986679427
"HCEC-12-01525",0.987037435960416,0.0129625640395841,0.0129625640395841,0.000223461578515028
"HCEC-12-01605",0.151094186695467,0.848905813304533,0.151094186695467,0.0268563825711133
"HCES-09-00256",0.986512308679161,0.0134876913208392,0.0134876913208392,0.000227860420990763
"HCES-11-02049",0.533329818553905,0.466670181446095,0.466670181446095,0.239239682495631
"HCES-11-03099",0.983269953899085,0.016730046100915,0.016730046100915,0.000394806042043497
"HCES-12-00324",0.988948419962524,0.0110515800374758,0.0110515800374758,0.000168295883202481
"HCES-12-00348",0.734057736430506,0.265942263569494,0.265942263569494,0.0787038273250709
"HCES-12-00502",0.988991755726456,0.0110082442735435,0.0110082442735435,0.00013996834008986
"HCES-12-00598",0.98581883224096,0.0141811677590404,0.0141811677590404,0.000253505045122722
