<?xml version="1.0" encoding="UTF-8"?>
<metadata xml:lang="en"><Esri><CreaDate>20131112</CreaDate><CreaTime>08263500</CreaTime><SyncOnce>FALSE</SyncOnce><SyncDate>20131107</SyncDate><SyncTime>16033500</SyncTime><ModDate>20131107</ModDate><ModTime>16033500</ModTime><DataProperties><lineage><Process ToolSource="C:\Program Files (x86)\ArcGIS\ArcToolbox\Toolboxes\Data Management Tools.tbx\Merge" Date="20120120" Time="094920" Name="" export="">Merge Boundary_land;Boundary_lake X:\GIS-RAW\CNOGIS\GIS-Users\Doug\Boundary.mdb\Boundary\Boundary_Merge "OBJECTID 'OBJECTID' true true false 8 Double 0 0 ,First,#,Boundary_land,OBJECTID,-1,-1;AREA 'AREA' true true false 8 Double 0 0 ,First,#,Boundary_land,AREA,-1,-1;PERIMETER 'PERIMETER' true true false 8 Double 0 0 ,First,#,Boundary_land,PERIMETER,-1,-1,Boundary_lake,PERIMETER,-1,-1;CY022071_ 'CY022071_' true true false 8 Double 0 0 ,First,#,Boundary_land,CY022071_,-1,-1,Boundary_lake,CY022071_,-1,-1;CY022071_I 'CY022071_I' true true false 8 Double 0 0 ,First,#,Boundary_land,CY022071_I,-1,-1,Boundary_lake,CY022071_I,-1,-1;COUNTYNAME 'COUNTYNAME' true true false 20 Text 0 0 ,First,#,Boundary_land,COUNTYNAME,-1,-1,Boundary_lake,COUNTYNAME,-1,-1;CTY_KEY 'CTY_KEY' true true false 5 Text 0 0 ,First,#,Boundary_land,CTY_KEY,-1,-1,Boundary_lake,CTY_KEY,-1,-1;Shape_Length 'Shape_Length' false true true 8 Double 0 0 ,First,#,Boundary_land,Shape_Length,-1,-1,Boundary_lake,Shape_Length,-1,-1;Shape_Area 'Shape_Area' false true true 8 Double 0 0 ,First,#,Boundary_land,Shape_Area,-1,-1,Boundary_lake,Shape_Area,-1,-1;cnogis_CNO 'cnogis_CNO' true true false 8 Double 0 0 ,First,#,Boundary_lake,cnogis_CNO,-1,-1"</Process><Process Name="FeatureClassToFeatureClass_1" ToolSource="C:\Program Files\ArcGIS\ArcToolbox\Toolboxes\Conversion Tools.tbx\FeatureClassToFeatureClass" Date="20120127" Time="173234" export="">FeatureClassToFeatureClass X:\GIS-RAW\CNOGIS\GIS-Users\Doug\Boundary.mdb\Boundary\Boundary_Merge "Database Connections\cnogis@10.4.1.119 as Owner.sde\cnogis.CNOGISOWNER.Basemap" Orleans_Parish # "CY022071 CY022071 true true false 8 Double 0 0 ,First,#,X:\GIS-RAW\CNOGIS\GIS-Users\Doug\Boundary.mdb\Boundary\Boundary_Merge,CY022071,-1,-1;COUNTYNAME COUNTYNAME true true false 20 Text 0 0 ,First,#,X:\GIS-RAW\CNOGIS\GIS-Users\Doug\Boundary.mdb\Boundary\Boundary_Merge,COUNTYNAME,-1,-1;COUNTY_KEY COUNTY_KEY true true false 5 Text 0 0 ,First,#,X:\GIS-RAW\CNOGIS\GIS-Users\Doug\Boundary.mdb\Boundary\Boundary_Merge,COUNTY_KEY,-1,-1;TYPE TYPE true true false 25 Text 0 0 ,First,#,X:\GIS-RAW\CNOGIS\GIS-Users\Doug\Boundary.mdb\Boundary\Boundary_Merge,TYPE,-1,-1;AREA_SQMI AREA_SQMI true true false 8 Double 0 0 ,First,#,X:\GIS-RAW\CNOGIS\GIS-Users\Doug\Boundary.mdb\Boundary\Boundary_Merge,AREA_SQMI,-1,-1;AREA_AC AREA_AC true true false 8 Double 0 0 ,First,#,X:\GIS-RAW\CNOGIS\GIS-Users\Doug\Boundary.mdb\Boundary\Boundary_Merge,AREA_AC,-1,-1;AREA_HA AREA_HA true true false 8 Double 0 0 ,First,#,X:\GIS-RAW\CNOGIS\GIS-Users\Doug\Boundary.mdb\Boundary\Boundary_Merge,AREA_HA,-1,-1;Shape_Length Shape_Length false true true 8 Double 0 0 ,First,#,X:\GIS-RAW\CNOGIS\GIS-Users\Doug\Boundary.mdb\Boundary\Boundary_Merge,Shape_Length,-1,-1;Shape_Area Shape_Area false true true 8 Double 0 0 ,First,#,X:\GIS-RAW\CNOGIS\GIS-Users\Doug\Boundary.mdb\Boundary\Boundary_Merge,Shape_Area,-1,-1" # "Database Connections\cnogis@10.4.1.119 as Owner.sde\cnogis.CNOGISOWNER.Basemap\cnogis.CNOGISOWNER.Orleans_Parish"</Process><Process Name="Merge_1" ToolSource="C:\Program Files\ArcGIS\ArcToolbox\Toolboxes\Data Management Tools.tbx\Merge" Date="20120209" Time="153810" export="">Merge Orleans_Parish;OP_Water_Census2 X:\GIS-RAW\CNOGIS\GIS-Users\Doug\Shapefiles\Orleans_Parish_Merge.shp "OBJECTID OBJECTID true false false 10 Double 0 10 ,First,#,Orleans_Parish,OBJECTID,-1,-1;CY022071 CY022071 true false false 19 Double 8 18 ,First,#,Orleans_Parish,CY022071,-1,-1;COUNTYNAME COUNTYNAME true false false 20 Text 0 0 ,First,#,Orleans_Parish,COUNTYNAME,-1,-1;COUNTY_KEY COUNTY_KEY true false false 5 Text 0 0 ,First,#,Orleans_Parish,COUNTY_KEY,-1,-1;TYPE TYPE true false false 25 Text 0 0 ,First,#,Orleans_Parish,TYPE,-1,-1;AREA_SQMI AREA_SQMI true false false 19 Double 8 18 ,First,#,Orleans_Parish,AREA_SQMI,-1,-1;AREA_AC AREA_AC true false false 19 Double 8 18 ,First,#,Orleans_Parish,AREA_AC,-1,-1;AREA_HA AREA_HA true false false 19 Double 8 18 ,First,#,Orleans_Parish,AREA_HA,-1,-1;SHAPE_area SHAPE_area true false false 19 Double 0 0 ,First,#,Orleans_Parish,SHAPE_area,-1,-1;SHAPE_len SHAPE_len true false false 19 Double 0 0 ,First,#,Orleans_Parish,SHAPE_len,-1,-1"</Process><Process Name="FeatureClassToFeatureClass_1" ToolSource="C:\Program Files\ArcGIS\ArcToolbox\Toolboxes\Conversion Tools.tbx\FeatureClassToFeatureClass" Date="20120213" Time="172809" export="">FeatureClassToFeatureClass X:\GIS-RAW\CNOGIS\GIS-Users\Doug\Boundary\Boundary.mdb\Boundary\Boundary_Merge_new "Database Connections\cnogis@10.4.1.119 as Owner.sde\cnogis.CNOGISOWNER.Basemap" Orleans_Parish # "OBJECTID OBJECTID true true false 8 Double 0 0 ,First,#,X:\GIS-RAW\CNOGIS\GIS-Users\Doug\Boundary\Boundary.mdb\Boundary\Boundary_Merge_new,OBJECTID,-1,-1;CY022071 CY022071 true true false 8 Double 0 0 ,First,#,X:\GIS-RAW\CNOGIS\GIS-Users\Doug\Boundary\Boundary.mdb\Boundary\Boundary_Merge_new,CY022071,-1,-1;COUNTYNAME COUNTYNAME true true false 20 Text 0 0 ,First,#,X:\GIS-RAW\CNOGIS\GIS-Users\Doug\Boundary\Boundary.mdb\Boundary\Boundary_Merge_new,COUNTYNAME,-1,-1;COUNTY_KEY COUNTY_KEY true true false 5 Text 0 0 ,First,#,X:\GIS-RAW\CNOGIS\GIS-Users\Doug\Boundary\Boundary.mdb\Boundary\Boundary_Merge_new,COUNTY_KEY,-1,-1;TYPE TYPE true true false 25 Text 0 0 ,First,#,X:\GIS-RAW\CNOGIS\GIS-Users\Doug\Boundary\Boundary.mdb\Boundary\Boundary_Merge_new,TYPE,-1,-1;Acres Acres true true false 8 Double 0 0 ,First,#,X:\GIS-RAW\CNOGIS\GIS-Users\Doug\Boundary\Boundary.mdb\Boundary\Boundary_Merge_new,Acres,-1,-1;Hectares Hectares true true false 8 Double 0 0 ,First,#,X:\GIS-RAW\CNOGIS\GIS-Users\Doug\Boundary\Boundary.mdb\Boundary\Boundary_Merge_new,Hectares,-1,-1;Sq_Mi Sq_Mi true true false 8 Double 0 0 ,First,#,X:\GIS-RAW\CNOGIS\GIS-Users\Doug\Boundary\Boundary.mdb\Boundary\Boundary_Merge_new,Sq_Mi,-1,-1;Shape_Length Shape_Length false true true 8 Double 0 0 ,First,#,X:\GIS-RAW\CNOGIS\GIS-Users\Doug\Boundary\Boundary.mdb\Boundary\Boundary_Merge_new,Shape_Length,-1,-1;Shape_Area Shape_Area false true true 8 Double 0 0 ,First,#,X:\GIS-RAW\CNOGIS\GIS-Users\Doug\Boundary\Boundary.mdb\Boundary\Boundary_Merge_new,Shape_Area,-1,-1" # "Database Connections\cnogis@10.4.1.119 as Owner.sde\cnogis.CNOGISOWNER.Basemap\cnogis.CNOGISOWNER.Orleans_Parish"</Process><Process ToolSource="c:\program files (x86)\arcgis\desktop10.0\ArcToolbox\Toolboxes\Conversion Tools.tbx\FeatureClassToFeatureClass" Date="20120629" Time="100311" Name="" export="">FeatureClassToFeatureClass C:\Doug\Databases\Gumbo_Pot.mdb\Orleans_Parish_edit X:\GIS-RAW\CNOGIS\GIS-Users\Doug\Databases\SDE_Load_92.mdb Orleans_Parish_edit # "COUNTYNAME "COUNTYNAME" true true false 20 Text 0 0 ,First,#,C:\Doug\Databases\Gumbo_Pot.mdb\Orleans_Parish_edit,COUNTYNAME,-1,-1;COUNTY_KEY "COUNTY_KEY" true true false 5 Text 0 0 ,First,#,C:\Doug\Databases\Gumbo_Pot.mdb\Orleans_Parish_edit,COUNTY_KEY,-1,-1;TYPE "TYPE" true true false 25 Text 0 0 ,First,#,C:\Doug\Databases\Gumbo_Pot.mdb\Orleans_Parish_edit,TYPE,-1,-1;ACRES "ACRES" true true false 8 Double 0 0 ,First,#,C:\Doug\Databases\Gumbo_Pot.mdb\Orleans_Parish_edit,ACRES,-1,-1;HECTARES "HECTARES" true true false 8 Double 0 0 ,First,#,C:\Doug\Databases\Gumbo_Pot.mdb\Orleans_Parish_edit,HECTARES,-1,-1;SQ_MI "SQ_MI" true true false 8 Double 0 0 ,First,#,C:\Doug\Databases\Gumbo_Pot.mdb\Orleans_Parish_edit,SQ_MI,-1,-1;SHAPE_Length "SHAPE_Length" false true true 8 Double 0 0 ,First,#,C:\Doug\Databases\Gumbo_Pot.mdb\Orleans_Parish_edit,SHAPE_Length,-1,-1;SHAPE_Area "SHAPE_Area" false true true 8 Double 0 0 ,First,#,C:\Doug\Databases\Gumbo_Pot.mdb\Orleans_Parish_edit,SHAPE_Area,-1,-1" #</Process><Process Name="FeatureClassToFeatureClass_1" ToolSource="C:\Program Files\ArcGIS\ArcToolbox\Toolboxes\Conversion Tools.tbx\FeatureClassToFeatureClass" Date="20120629" Time="122403" export="">FeatureClassToFeatureClass X:\GIS-RAW\CNOGIS\GIS-Users\Doug\Databases\SDE_Load_92.mdb\Orleans_Parish_edit "Database Connections\Data@10.4.1.119_Owner92.sde\cnogis.CNOGISOWNER.Basemap" Orleans_Parish # "COUNTYNAME COUNTYNAME true true false 20 Text 0 0 ,First,#,X:\GIS-RAW\CNOGIS\GIS-Users\Doug\Databases\SDE_Load_92.mdb\Orleans_Parish_edit,COUNTYNAME,-1,-1;COUNTY_KEY COUNTY_KEY true true false 5 Text 0 0 ,First,#,X:\GIS-RAW\CNOGIS\GIS-Users\Doug\Databases\SDE_Load_92.mdb\Orleans_Parish_edit,COUNTY_KEY,-1,-1;TYPE TYPE true true false 25 Text 0 0 ,First,#,X:\GIS-RAW\CNOGIS\GIS-Users\Doug\Databases\SDE_Load_92.mdb\Orleans_Parish_edit,TYPE,-1,-1;ACRES ACRES true true false 8 Double 0 0 ,First,#,X:\GIS-RAW\CNOGIS\GIS-Users\Doug\Databases\SDE_Load_92.mdb\Orleans_Parish_edit,ACRES,-1,-1;HECTARES HECTARES true true false 8 Double 0 0 ,First,#,X:\GIS-RAW\CNOGIS\GIS-Users\Doug\Databases\SDE_Load_92.mdb\Orleans_Parish_edit,HECTARES,-1,-1;SQ_MI SQ_MI true true false 8 Double 0 0 ,First,#,X:\GIS-RAW\CNOGIS\GIS-Users\Doug\Databases\SDE_Load_92.mdb\Orleans_Parish_edit,SQ_MI,-1,-1;Shape_Length Shape_Length false true true 8 Double 0 0 ,First,#,X:\GIS-RAW\CNOGIS\GIS-Users\Doug\Databases\SDE_Load_92.mdb\Orleans_Parish_edit,Shape_Length,-1,-1;Shape_Area Shape_Area false true true 8 Double 0 0 ,First,#,X:\GIS-RAW\CNOGIS\GIS-Users\Doug\Databases\SDE_Load_92.mdb\Orleans_Parish_edit,Shape_Area,-1,-1" # "Database Connections\Data@10.4.1.119_Owner92.sde\cnogis.CNOGISOWNER.Basemap\cnogis.CNOGISOWNER.Orleans_Parish"</Process><Process ToolSource="c:\program files (x86)\arcgis\desktop10.0\ArcToolbox\Toolboxes\Analysis Tools.tbx\Buffer" Date="20130103" Time="174729">Buffer OP_Land X:\GIS-RAW\GIS_Working\Council\Databases\Council_Research.mdb\OP_Land_Buff_100 "100 Feet" FULL ROUND NONE #</Process><Process ToolSource="c:\program files (x86)\arcgis\desktop10.0\ArcToolbox\Toolboxes\Analysis Tools.tbx\Union" Date="20130103" Time="175222">Union "X:\GIS-RAW\GIS_Working\Council\Databases\Council_Research.mdb\OP_Land_Buff_100 1;X:\GIS-RAW\GIS_Working\Council\Databases\Council_Research.mdb\Precincts_Edit 2" X:\GIS-RAW\GIS_Working\Council\Databases\Council_Research.mdb\Precincts_Edit_Union ALL # GAPS</Process><Process ToolSource="c:\program files (x86)\arcgis\desktop10.0\ArcToolbox\Toolboxes\Analysis Tools.tbx\Clip" Date="20130104" Time="161931">Clip Precincts_Edit_Union OP_Land X:\GIS-RAW\GIS_Working\Council\Databases\Council_Research.mdb\Precincts_Edit_Union_Clip #</Process><Process ToolSource="c:\program files\arcgis\desktop10.0\ArcToolbox\Toolboxes\Conversion Tools.tbx\FeatureClassToFeatureClass" Date="20130416" Time="083038">FeatureClassToFeatureClass H:\curbs\Precincts_New_2013\Precincts_New_2013.shp H:\curbs\AliEdits.gdb Precincts_New_2013 # "OBJECTID "OBJECTID" true true false 9 Long 0 9 ,First,#,H:\curbs\Precincts_New_2013\Precincts_New_2013.shp,OBJECTID,-1,-1;COUNTYNAME "COUNTYNAME" true true false 20 Text 0 0 ,First,#,H:\curbs\Precincts_New_2013\Precincts_New_2013.shp,COUNTYNAME,-1,-1;COUNTY_KEY "COUNTY_KEY" true true false 5 Text 0 0 ,First,#,H:\curbs\Precincts_New_2013\Precincts_New_2013.shp,COUNTY_KEY,-1,-1;Ward "Ward" true true false 5 Text 0 0 ,First,#,H:\curbs\Precincts_New_2013\Precincts_New_2013.shp,Ward,-1,-1;Precinct "Precinct" true true false 5 Text 0 0 ,First,#,H:\curbs\Precincts_New_2013\Precincts_New_2013.shp,Precinct,-1,-1;Ward_Pct "Ward_Pct" true true false 10 Text 0 0 ,First,#,H:\curbs\Precincts_New_2013\Precincts_New_2013.shp,Ward_Pct,-1,-1;Cong_Dist_ "Cong_Dist_" true true false 5 Text 0 0 ,First,#,H:\curbs\Precincts_New_2013\Precincts_New_2013.shp,Cong_Dist_,-1,-1;LA_Senate_ "LA_Senate_" true true false 5 Text 0 0 ,First,#,H:\curbs\Precincts_New_2013\Precincts_New_2013.shp,LA_Senate_,-1,-1;LA_House_2 "LA_House_2" true true false 5 Text 0 0 ,First,#,H:\curbs\Precincts_New_2013\Precincts_New_2013.shp,LA_House_2,-1,-1;SHAPE_Leng "SHAPE_Leng" true true false 19 Double 0 0 ,First,#,H:\curbs\Precincts_New_2013\Precincts_New_2013.shp,SHAPE_Leng,-1,-1;SHAPE_Area "SHAPE_Area" true true false 19 Double 0 0 ,First,#,H:\curbs\Precincts_New_2013\Precincts_New_2013.shp,SHAPE_Area,-1,-1" #</Process><Process ToolSource="C:\Program Files\ArcGIS\Desktop10.0\ArcToolbox\Toolboxes\Data Management Tools.tbx\CopyFeatures" Date="20130829" Time="153147">CopyFeatures H:\curbs\AliEdits.gdb\Precincts_New_2013 "H:\curbs\for doug.gdb\Precincts_New_2013" # 0 0 0</Process><Process ToolSource="c:\program files (x86)\arcgis\desktop10.0\ArcToolbox\Toolboxes\Conversion Tools.tbx\FeatureClassToFeatureClass" Date="20130930" Time="130408">FeatureClassToFeatureClass C:\Doug\Databases\Ali_Precincts.gdb\Precincts_New_2013 C:\Doug\Databases\Ali_Precincts.gdb\Prec_Prec Prec_Prec # "OBJECTID "OBJECTID" true true false 4 Long 0 0 ,First,#,C:\Doug\Databases\Ali_Precincts.gdb\Precincts_New_2013,OBJECTID,-1,-1;COUNTYNAME "COUNTYNAME" true true false 20 Text 0 0 ,First,#,C:\Doug\Databases\Ali_Precincts.gdb\Precincts_New_2013,COUNTYNAME,-1,-1;COUNTY_KEY "COUNTY_KEY" true true false 5 Text 0 0 ,First,#,C:\Doug\Databases\Ali_Precincts.gdb\Precincts_New_2013,COUNTY_KEY,-1,-1;Ward "Ward" true true false 5 Text 0 0 ,First,#,C:\Doug\Databases\Ali_Precincts.gdb\Precincts_New_2013,Ward,-1,-1;Precinct "Precinct" true true false 5 Text 0 0 ,First,#,C:\Doug\Databases\Ali_Precincts.gdb\Precincts_New_2013,Precinct,-1,-1;Ward_Pct "Ward_Pct" true true false 10 Text 0 0 ,First,#,C:\Doug\Databases\Ali_Precincts.gdb\Precincts_New_2013,Ward_Pct,-1,-1;Cong_Dist_ "Cong_Dist_" true true false 5 Text 0 0 ,First,#,C:\Doug\Databases\Ali_Precincts.gdb\Precincts_New_2013,Cong_Dist_,-1,-1;LA_Senate_ "LA_Senate_" true true false 5 Text 0 0 ,First,#,C:\Doug\Databases\Ali_Precincts.gdb\Precincts_New_2013,LA_Senate_,-1,-1;LA_House_2 "LA_House_2" true true false 5 Text 0 0 ,First,#,C:\Doug\Databases\Ali_Precincts.gdb\Precincts_New_2013,LA_House_2,-1,-1;SHAPE_Leng "SHAPE_Leng" true true false 8 Double 0 0 ,First,#,C:\Doug\Databases\Ali_Precincts.gdb\Precincts_New_2013,SHAPE_Leng,-1,-1;snapped "snapped" true true false 2 Short 0 0 ,First,#,C:\Doug\Databases\Ali_Precincts.gdb\Precincts_New_2013,snapped,-1,-1;Shape_Length "Shape_Length" false true true 8 Double 0 0 ,First,#,C:\Doug\Databases\Ali_Precincts.gdb\Precincts_New_2013,Shape_Length,-1,-1;Shape_Area "Shape_Area" false true true 8 Double 0 0 ,First,#,C:\Doug\Databases\Ali_Precincts.gdb\Precincts_New_2013,Shape_Area,-1,-1" #</Process><Process ToolSource="c:\program files (x86)\arcgis\desktop10.0\ArcToolbox\Toolboxes\Conversion Tools.tbx\FeatureClassToFeatureClass" Date="20131001" Time="132403">FeatureClassToFeatureClass C:\Doug\Databases\Ali_Precincts.gdb\Prec_Prec\Prec_Prec C:\Doug\Databases\Ali_Precincts.gdb Precincts_New_2013_edited # "OBJECTID "OBJECTID" true true false 4 Long 0 0 ,First,#,C:\Doug\Databases\Ali_Precincts.gdb\Prec_Prec\Prec_Prec,OBJECTID,-1,-1;COUNTYNAME "COUNTYNAME" true true false 20 Text 0 0 ,First,#,C:\Doug\Databases\Ali_Precincts.gdb\Prec_Prec\Prec_Prec,COUNTYNAME,-1,-1;COUNTY_KEY "COUNTY_KEY" true true false 5 Text 0 0 ,First,#,C:\Doug\Databases\Ali_Precincts.gdb\Prec_Prec\Prec_Prec,COUNTY_KEY,-1,-1;Ward "Ward" true true false 5 Text 0 0 ,First,#,C:\Doug\Databases\Ali_Precincts.gdb\Prec_Prec\Prec_Prec,Ward,-1,-1;Precinct "Precinct" true true false 5 Text 0 0 ,First,#,C:\Doug\Databases\Ali_Precincts.gdb\Prec_Prec\Prec_Prec,Precinct,-1,-1;Ward_Pct "Ward_Pct" true true false 10 Text 0 0 ,First,#,C:\Doug\Databases\Ali_Precincts.gdb\Prec_Prec\Prec_Prec,Ward_Pct,-1,-1;Cong_Dist_ "Cong_Dist_" true true false 5 Text 0 0 ,First,#,C:\Doug\Databases\Ali_Precincts.gdb\Prec_Prec\Prec_Prec,Cong_Dist_,-1,-1;LA_Senate_ "LA_Senate_" true true false 5 Text 0 0 ,First,#,C:\Doug\Databases\Ali_Precincts.gdb\Prec_Prec\Prec_Prec,LA_Senate_,-1,-1;LA_House_2 "LA_House_2" true true false 5 Text 0 0 ,First,#,C:\Doug\Databases\Ali_Precincts.gdb\Prec_Prec\Prec_Prec,LA_House_2,-1,-1;SHAPE_Leng "SHAPE_Leng" true true false 8 Double 0 0 ,First,#,C:\Doug\Databases\Ali_Precincts.gdb\Prec_Prec\Prec_Prec,SHAPE_Leng,-1,-1;snapped "snapped" true true false 2 Short 0 0 ,First,#,C:\Doug\Databases\Ali_Precincts.gdb\Prec_Prec\Prec_Prec,snapped,-1,-1;Shape_Length "Shape_Length" false true true 8 Double 0 0 ,First,#,C:\Doug\Databases\Ali_Precincts.gdb\Prec_Prec\Prec_Prec,Shape_Length,-1,-1;Shape_Area "Shape_Area" false true true 8 Double 0 0 ,First,#,C:\Doug\Databases\Ali_Precincts.gdb\Prec_Prec\Prec_Prec,Shape_Area,-1,-1" #</Process><Process ToolSource="c:\program files (x86)\arcgis\desktop10.0\ArcToolbox\Toolboxes\Analysis Tools.tbx\Clip" Date="20131001" Time="132747">Clip Precincts_New_2013_edited OP_Land C:\Doug\Databases\Ali_Precincts.gdb\Precincts_New_2013_clip #</Process><Process ToolSource="c:\program files (x86)\arcgis\desktop10.0\ArcToolbox\Toolboxes\Conversion Tools.tbx\FeatureClassToFeatureClass" Date="20131001" Time="133025">FeatureClassToFeatureClass C:\Doug\Databases\Ali_Precincts.gdb\Precincts_New_2013_clip C:\Doug\Databases\Ali_Precincts.gdb\Prec_Bnd Prec_Clip01 # "OBJECTID "OBJECTID" true true false 4 Long 0 0 ,First,#,C:\Doug\Databases\Ali_Precincts.gdb\Precincts_New_2013_clip,OBJECTID,-1,-1;COUNTYNAME "COUNTYNAME" true true false 20 Text 0 0 ,First,#,C:\Doug\Databases\Ali_Precincts.gdb\Precincts_New_2013_clip,COUNTYNAME,-1,-1;COUNTY_KEY "COUNTY_KEY" true true false 5 Text 0 0 ,First,#,C:\Doug\Databases\Ali_Precincts.gdb\Precincts_New_2013_clip,COUNTY_KEY,-1,-1;Ward "Ward" true true false 5 Text 0 0 ,First,#,C:\Doug\Databases\Ali_Precincts.gdb\Precincts_New_2013_clip,Ward,-1,-1;Precinct "Precinct" true true false 5 Text 0 0 ,First,#,C:\Doug\Databases\Ali_Precincts.gdb\Precincts_New_2013_clip,Precinct,-1,-1;Ward_Pct "Ward_Pct" true true false 10 Text 0 0 ,First,#,C:\Doug\Databases\Ali_Precincts.gdb\Precincts_New_2013_clip,Ward_Pct,-1,-1;Cong_Dist_ "Cong_Dist_" true true false 5 Text 0 0 ,First,#,C:\Doug\Databases\Ali_Precincts.gdb\Precincts_New_2013_clip,Cong_Dist_,-1,-1;LA_Senate_ "LA_Senate_" true true false 5 Text 0 0 ,First,#,C:\Doug\Databases\Ali_Precincts.gdb\Precincts_New_2013_clip,LA_Senate_,-1,-1;LA_House_2 "LA_House_2" true true false 5 Text 0 0 ,First,#,C:\Doug\Databases\Ali_Precincts.gdb\Precincts_New_2013_clip,LA_House_2,-1,-1;SHAPE_Leng "SHAPE_Leng" true true false 8 Double 0 0 ,First,#,C:\Doug\Databases\Ali_Precincts.gdb\Precincts_New_2013_clip,SHAPE_Leng,-1,-1;snapped "snapped" true true false 2 Short 0 0 ,First,#,C:\Doug\Databases\Ali_Precincts.gdb\Precincts_New_2013_clip,snapped,-1,-1;Shape_Length "Shape_Length" false true true 8 Double 0 0 ,First,#,C:\Doug\Databases\Ali_Precincts.gdb\Precincts_New_2013_clip,Shape_Length,-1,-1;Shape_Area "Shape_Area" false true true 8 Double 0 0 ,First,#,C:\Doug\Databases\Ali_Precincts.gdb\Precincts_New_2013_clip,Shape_Area,-1,-1" #</Process><Process ToolSource="c:\program files (x86)\arcgis\desktop10.0\ArcToolbox\Toolboxes\Conversion Tools.tbx\FeatureClassToFeatureClass" Date="20131001" Time="133636">FeatureClassToFeatureClass C:\Doug\Databases\Ali_Precincts.gdb\Prec_Bnd\Prec_Clip01 C:\Doug\Databases\Ali_Precincts.gdb\Bnd_Prec Prec_Clip02 # "OBJECTID "OBJECTID" true true false 4 Long 0 0 ,First,#,C:\Doug\Databases\Ali_Precincts.gdb\Prec_Bnd\Prec_Clip01,OBJECTID,-1,-1;COUNTYNAME "COUNTYNAME" true true false 20 Text 0 0 ,First,#,C:\Doug\Databases\Ali_Precincts.gdb\Prec_Bnd\Prec_Clip01,COUNTYNAME,-1,-1;COUNTY_KEY "COUNTY_KEY" true true false 5 Text 0 0 ,First,#,C:\Doug\Databases\Ali_Precincts.gdb\Prec_Bnd\Prec_Clip01,COUNTY_KEY,-1,-1;Ward "Ward" true true false 5 Text 0 0 ,First,#,C:\Doug\Databases\Ali_Precincts.gdb\Prec_Bnd\Prec_Clip01,Ward,-1,-1;Precinct "Precinct" true true false 5 Text 0 0 ,First,#,C:\Doug\Databases\Ali_Precincts.gdb\Prec_Bnd\Prec_Clip01,Precinct,-1,-1;Ward_Pct "Ward_Pct" true true false 10 Text 0 0 ,First,#,C:\Doug\Databases\Ali_Precincts.gdb\Prec_Bnd\Prec_Clip01,Ward_Pct,-1,-1;Cong_Dist_ "Cong_Dist_" true true false 5 Text 0 0 ,First,#,C:\Doug\Databases\Ali_Precincts.gdb\Prec_Bnd\Prec_Clip01,Cong_Dist_,-1,-1;LA_Senate_ "LA_Senate_" true true false 5 Text 0 0 ,First,#,C:\Doug\Databases\Ali_Precincts.gdb\Prec_Bnd\Prec_Clip01,LA_Senate_,-1,-1;LA_House_2 "LA_House_2" true true false 5 Text 0 0 ,First,#,C:\Doug\Databases\Ali_Precincts.gdb\Prec_Bnd\Prec_Clip01,LA_House_2,-1,-1;SHAPE_Leng "SHAPE_Leng" true true false 8 Double 0 0 ,First,#,C:\Doug\Databases\Ali_Precincts.gdb\Prec_Bnd\Prec_Clip01,SHAPE_Leng,-1,-1;snapped "snapped" true true false 2 Short 0 0 ,First,#,C:\Doug\Databases\Ali_Precincts.gdb\Prec_Bnd\Prec_Clip01,snapped,-1,-1;Shape_Length "Shape_Length" false true true 8 Double 0 0 ,First,#,C:\Doug\Databases\Ali_Precincts.gdb\Prec_Bnd\Prec_Clip01,Shape_Length,-1,-1;Shape_Area "Shape_Area" false true true 8 Double 0 0 ,First,#,C:\Doug\Databases\Ali_Precincts.gdb\Prec_Bnd\Prec_Clip01,Shape_Area,-1,-1" #</Process><Process ToolSource="c:\program files (x86)\arcgis\desktop10.0\ArcToolbox\Toolboxes\Conversion Tools.tbx\FeatureClassToFeatureClass" Date="20131001" Time="154749">FeatureClassToFeatureClass C:\Doug\Databases\Ali_Precincts.gdb\Bnd_Prec\Prec_Clip02 C:\Doug\Databases\Ali_Precincts.gdb Precincts_New_Clean # "OBJECTID "OBJECTID" true true false 4 Long 0 0 ,First,#,C:\Doug\Databases\Ali_Precincts.gdb\Bnd_Prec\Prec_Clip02,OBJECTID,-1,-1;COUNTYNAME "COUNTYNAME" true true false 20 Text 0 0 ,First,#,C:\Doug\Databases\Ali_Precincts.gdb\Bnd_Prec\Prec_Clip02,COUNTYNAME,-1,-1;COUNTY_KEY "COUNTY_KEY" true true false 5 Text 0 0 ,First,#,C:\Doug\Databases\Ali_Precincts.gdb\Bnd_Prec\Prec_Clip02,COUNTY_KEY,-1,-1;Ward "Ward" true true false 5 Text 0 0 ,First,#,C:\Doug\Databases\Ali_Precincts.gdb\Bnd_Prec\Prec_Clip02,Ward,-1,-1;Precinct "Precinct" true true false 5 Text 0 0 ,First,#,C:\Doug\Databases\Ali_Precincts.gdb\Bnd_Prec\Prec_Clip02,Precinct,-1,-1;Ward_Pct "Ward_Pct" true true false 10 Text 0 0 ,First,#,C:\Doug\Databases\Ali_Precincts.gdb\Bnd_Prec\Prec_Clip02,Ward_Pct,-1,-1;Cong_Dist_ "Cong_Dist_" true true false 5 Text 0 0 ,First,#,C:\Doug\Databases\Ali_Precincts.gdb\Bnd_Prec\Prec_Clip02,Cong_Dist_,-1,-1;LA_Senate_ "LA_Senate_" true true false 5 Text 0 0 ,First,#,C:\Doug\Databases\Ali_Precincts.gdb\Bnd_Prec\Prec_Clip02,LA_Senate_,-1,-1;LA_House_2 "LA_House_2" true true false 5 Text 0 0 ,First,#,C:\Doug\Databases\Ali_Precincts.gdb\Bnd_Prec\Prec_Clip02,LA_House_2,-1,-1;SHAPE_Leng "SHAPE_Leng" true true false 8 Double 0 0 ,First,#,C:\Doug\Databases\Ali_Precincts.gdb\Bnd_Prec\Prec_Clip02,SHAPE_Leng,-1,-1;snapped "snapped" true true false 2 Short 0 0 ,First,#,C:\Doug\Databases\Ali_Precincts.gdb\Bnd_Prec\Prec_Clip02,snapped,-1,-1;Shape_Length "Shape_Length" false true true 8 Double 0 0 ,First,#,C:\Doug\Databases\Ali_Precincts.gdb\Bnd_Prec\Prec_Clip02,Shape_Length,-1,-1;Shape_Area "Shape_Area" false true true 8 Double 0 0 ,First,#,C:\Doug\Databases\Ali_Precincts.gdb\Bnd_Prec\Prec_Clip02,Shape_Area,-1,-1" #</Process><Process ToolSource="c:\program files (x86)\arcgis\desktop10.0\ArcToolbox\Toolboxes\Conversion Tools.tbx\FeatureClassToFeatureClass" Date="20131002" Time="105631">FeatureClassToFeatureClass C:\Doug\Databases\Ali_Precincts.gdb\Precincts_2013_Clean C:\Doug\Databases\Ali_Precincts.gdb\Prec_Cln_CL Prec_Cln02 # "OBJECTID "OBJECTID" true true false 4 Long 0 0 ,First,#,C:\Doug\Databases\Ali_Precincts.gdb\Precincts_2013_Clean,OBJECTID,-1,-1;COUNTYNAME "COUNTYNAME" true true false 20 Text 0 0 ,First,#,C:\Doug\Databases\Ali_Precincts.gdb\Precincts_2013_Clean,COUNTYNAME,-1,-1;COUNTY_KEY "COUNTY_KEY" true true false 5 Text 0 0 ,First,#,C:\Doug\Databases\Ali_Precincts.gdb\Precincts_2013_Clean,COUNTY_KEY,-1,-1;Ward "Ward" true true false 5 Text 0 0 ,First,#,C:\Doug\Databases\Ali_Precincts.gdb\Precincts_2013_Clean,Ward,-1,-1;Precinct "Precinct" true true false 5 Text 0 0 ,First,#,C:\Doug\Databases\Ali_Precincts.gdb\Precincts_2013_Clean,Precinct,-1,-1;Ward_Pct "Ward_Pct" true true false 10 Text 0 0 ,First,#,C:\Doug\Databases\Ali_Precincts.gdb\Precincts_2013_Clean,Ward_Pct,-1,-1;Cong_Dist_ "Cong_Dist_" true true false 5 Text 0 0 ,First,#,C:\Doug\Databases\Ali_Precincts.gdb\Precincts_2013_Clean,Cong_Dist_,-1,-1;LA_Senate_ "LA_Senate_" true true false 5 Text 0 0 ,First,#,C:\Doug\Databases\Ali_Precincts.gdb\Precincts_2013_Clean,LA_Senate_,-1,-1;LA_House_2 "LA_House_2" true true false 5 Text 0 0 ,First,#,C:\Doug\Databases\Ali_Precincts.gdb\Precincts_2013_Clean,LA_House_2,-1,-1;SHAPE_Leng "SHAPE_Leng" true true false 8 Double 0 0 ,First,#,C:\Doug\Databases\Ali_Precincts.gdb\Precincts_2013_Clean,SHAPE_Leng,-1,-1;snapped "snapped" true true false 2 Short 0 0 ,First,#,C:\Doug\Databases\Ali_Precincts.gdb\Precincts_2013_Clean,snapped,-1,-1;Shape_Length "Shape_Length" false true true 8 Double 0 0 ,First,#,C:\Doug\Databases\Ali_Precincts.gdb\Precincts_2013_Clean,Shape_Length,-1,-1;Shape_Area "Shape_Area" false true true 8 Double 0 0 ,First,#,C:\Doug\Databases\Ali_Precincts.gdb\Precincts_2013_Clean,Shape_Area,-1,-1" #</Process><Process ToolSource="c:\program files (x86)\arcgis\desktop10.0\ArcToolbox\Toolboxes\Conversion Tools.tbx\FeatureClassToFeatureClass" Date="20131106" Time="125531">FeatureClassToFeatureClass C:\Doug\Databases\Ali_Precincts.gdb\Prec_Cln_CL\Prec_Cln02 C:\Doug\Databases\Ali_Precincts.gdb\Prec2_Prec2 Prec2 # "OBJECTID "OBJECTID" true true false 4 Long 0 0 ,First,#,C:\Doug\Databases\Ali_Precincts.gdb\Prec_Cln_CL\Prec_Cln02,OBJECTID,-1,-1;COUNTYNAME "COUNTYNAME" true true false 20 Text 0 0 ,First,#,C:\Doug\Databases\Ali_Precincts.gdb\Prec_Cln_CL\Prec_Cln02,COUNTYNAME,-1,-1;COUNTY_KEY "COUNTY_KEY" true true false 5 Text 0 0 ,First,#,C:\Doug\Databases\Ali_Precincts.gdb\Prec_Cln_CL\Prec_Cln02,COUNTY_KEY,-1,-1;Ward "Ward" true true false 5 Text 0 0 ,First,#,C:\Doug\Databases\Ali_Precincts.gdb\Prec_Cln_CL\Prec_Cln02,Ward,-1,-1;Precinct "Precinct" true true false 5 Text 0 0 ,First,#,C:\Doug\Databases\Ali_Precincts.gdb\Prec_Cln_CL\Prec_Cln02,Precinct,-1,-1;Ward_Pct "Ward_Pct" true true false 10 Text 0 0 ,First,#,C:\Doug\Databases\Ali_Precincts.gdb\Prec_Cln_CL\Prec_Cln02,Ward_Pct,-1,-1;Cong_Dist_ "Cong_Dist_" true true false 5 Text 0 0 ,First,#,C:\Doug\Databases\Ali_Precincts.gdb\Prec_Cln_CL\Prec_Cln02,Cong_Dist_,-1,-1;LA_Senate_ "LA_Senate_" true true false 5 Text 0 0 ,First,#,C:\Doug\Databases\Ali_Precincts.gdb\Prec_Cln_CL\Prec_Cln02,LA_Senate_,-1,-1;LA_House_2 "LA_House_2" true true false 5 Text 0 0 ,First,#,C:\Doug\Databases\Ali_Precincts.gdb\Prec_Cln_CL\Prec_Cln02,LA_House_2,-1,-1;snapped "snapped" true true false 2 Short 0 0 ,First,#,C:\Doug\Databases\Ali_Precincts.gdb\Prec_Cln_CL\Prec_Cln02,snapped,-1,-1;Shape_Length "Shape_Length" false true true 8 Double 0 0 ,First,#,C:\Doug\Databases\Ali_Precincts.gdb\Prec_Cln_CL\Prec_Cln02,Shape_Length,-1,-1;Shape_Area "Shape_Area" false true true 8 Double 0 0 ,First,#,C:\Doug\Databases\Ali_Precincts.gdb\Prec_Cln_CL\Prec_Cln02,Shape_Area,-1,-1" #</Process><Process ToolSource="c:\program files (x86)\arcgis\desktop10.0\ArcToolbox\Toolboxes\Conversion Tools.tbx\FeatureClassToFeatureClass" Date="20131107" Time="110622">FeatureClassToFeatureClass C:\Doug\Databases\Ali_Precincts.gdb\Prec2_Prec2\Prec2 C:\Doug\Databases\Precincts.mdb Precincts_New_Clean # "OBJECTID "OBJECTID" true true false 4 Long 0 0 ,First,#,C:\Doug\Databases\Ali_Precincts.gdb\Prec2_Prec2\Prec2,OBJECTID,-1,-1;COUNTYNAME "COUNTYNAME" true true false 20 Text 0 0 ,First,#,C:\Doug\Databases\Ali_Precincts.gdb\Prec2_Prec2\Prec2,COUNTYNAME,-1,-1;COUNTY_KEY "COUNTY_KEY" true true false 5 Text 0 0 ,First,#,C:\Doug\Databases\Ali_Precincts.gdb\Prec2_Prec2\Prec2,COUNTY_KEY,-1,-1;Ward "Ward" true true false 5 Text 0 0 ,First,#,C:\Doug\Databases\Ali_Precincts.gdb\Prec2_Prec2\Prec2,Ward,-1,-1;Precinct "Precinct" true true false 5 Text 0 0 ,First,#,C:\Doug\Databases\Ali_Precincts.gdb\Prec2_Prec2\Prec2,Precinct,-1,-1;Ward_Pct "Ward_Pct" true true false 10 Text 0 0 ,First,#,C:\Doug\Databases\Ali_Precincts.gdb\Prec2_Prec2\Prec2,Ward_Pct,-1,-1;Cong_Dist_ "Cong_Dist_" true true false 5 Text 0 0 ,First,#,C:\Doug\Databases\Ali_Precincts.gdb\Prec2_Prec2\Prec2,Cong_Dist_,-1,-1;LA_Senate_ "LA_Senate_" true true false 5 Text 0 0 ,First,#,C:\Doug\Databases\Ali_Precincts.gdb\Prec2_Prec2\Prec2,LA_Senate_,-1,-1;LA_House_2 "LA_House_2" true true false 5 Text 0 0 ,First,#,C:\Doug\Databases\Ali_Precincts.gdb\Prec2_Prec2\Prec2,LA_House_2,-1,-1;Shape_Length "Shape_Length" false true true 8 Double 0 0 ,First,#,C:\Doug\Databases\Ali_Precincts.gdb\Prec2_Prec2\Prec2,Shape_Length,-1,-1;Shape_Area "Shape_Area" false true true 8 Double 0 0 ,First,#,C:\Doug\Databases\Ali_Precincts.gdb\Prec2_Prec2\Prec2,Shape_Area,-1,-1" #</Process><Process ToolSource="C:\Program Files (x86)\ArcGIS\Desktop10.0\ArcToolbox\Toolboxes\Data Management Tools.tbx\CalculateField" Date="20131107" Time="124356">CalculateField Precincts_New_Clean Coun_Dist "B" VB #</Process><Process ToolSource="C:\Program Files (x86)\ArcGIS\Desktop10.0\ArcToolbox\Toolboxes\Data Management Tools.tbx\CalculateField" Date="20131107" Time="124538">CalculateField Precincts_New_Clean Coun_Dist "B" VB #</Process><Process ToolSource="C:\Program Files (x86)\ArcGIS\Desktop10.0\ArcToolbox\Toolboxes\Data Management Tools.tbx\CalculateField" Date="20131107" Time="124724">CalculateField Precincts_New_Clean Coun_Dist "B" VB #</Process><Process ToolSource="C:\Program Files (x86)\ArcGIS\Desktop10.0\ArcToolbox\Toolboxes\Data Management Tools.tbx\CalculateField" Date="20131107" Time="124815">CalculateField Precincts_New_Clean Coun_Dist "B" VB #</Process><Process ToolSource="C:\Program Files (x86)\ArcGIS\Desktop10.0\ArcToolbox\Toolboxes\Data Management Tools.tbx\CalculateField" Date="20131107" Time="124909">CalculateField Precincts_New_Clean Coun_Dist "B" VB #</Process><Process ToolSource="C:\Program Files (x86)\ArcGIS\Desktop10.0\ArcToolbox\Toolboxes\Data Management Tools.tbx\CalculateField" Date="20131107" Time="125010">CalculateField Precincts_New_Clean Coun_Dist "B" VB #</Process><Process ToolSource="C:\Program Files (x86)\ArcGIS\Desktop10.0\ArcToolbox\Toolboxes\Data Management Tools.tbx\CalculateField" Date="20131107" Time="125425">CalculateField Precincts_New_Clean Coun_Dist "B" VB #</Process><Process ToolSource="C:\Program Files (x86)\ArcGIS\Desktop10.0\ArcToolbox\Toolboxes\Data Management Tools.tbx\CalculateField" Date="20131107" Time="125520">CalculateField Precincts_New_Clean Coun_Dist "B" VB #</Process><Process ToolSource="C:\Program Files (x86)\ArcGIS\Desktop10.0\ArcToolbox\Toolboxes\Data Management Tools.tbx\CalculateField" Date="20131107" Time="125601">CalculateField Precincts_New_Clean Coun_Dist "B" VB #</Process><Process ToolSource="C:\Program Files (x86)\ArcGIS\Desktop10.0\ArcToolbox\Toolboxes\Data Management Tools.tbx\CalculateField" Date="20131107" Time="125618">CalculateField Precincts_New_Clean Coun_Dist "B" VB #</Process><Process ToolSource="C:\Program Files (x86)\ArcGIS\Desktop10.0\ArcToolbox\Toolboxes\Data Management Tools.tbx\CalculateField" Date="20131107" Time="125958">CalculateField Precincts_New_Clean Coun_Dist "A" VB #</Process><Process ToolSource="C:\Program Files (x86)\ArcGIS\Desktop10.0\ArcToolbox\Toolboxes\Data Management Tools.tbx\CalculateField" Date="20131107" Time="130129">CalculateField Precincts_New_Clean Coun_Dist "A" VB #</Process><Process ToolSource="C:\Program Files (x86)\ArcGIS\Desktop10.0\ArcToolbox\Toolboxes\Data Management Tools.tbx\CalculateField" Date="20131107" Time="130221">CalculateField Precincts_New_Clean Coun_Dist "A" VB #</Process><Process ToolSource="C:\Program Files (x86)\ArcGIS\Desktop10.0\ArcToolbox\Toolboxes\Data Management Tools.tbx\CalculateField" Date="20131107" Time="130253">CalculateField Precincts_New_Clean Coun_Dist "A" VB #</Process><Process ToolSource="C:\Program Files (x86)\ArcGIS\Desktop10.0\ArcToolbox\Toolboxes\Data Management Tools.tbx\CalculateField" Date="20131107" Time="130317">CalculateField Precincts_New_Clean Coun_Dist "A" VB #</Process><Process ToolSource="C:\Program Files (x86)\ArcGIS\Desktop10.0\ArcToolbox\Toolboxes\Data Management Tools.tbx\CalculateField" Date="20131107" Time="130339">CalculateField Precincts_New_Clean Coun_Dist "A" VB #</Process><Process ToolSource="C:\Program Files (x86)\ArcGIS\Desktop10.0\ArcToolbox\Toolboxes\Data Management Tools.tbx\CalculateField" Date="20131107" Time="130510">CalculateField Precincts_New_Clean Coun_Dist "A" VB #</Process><Process ToolSource="C:\Program Files (x86)\ArcGIS\Desktop10.0\ArcToolbox\Toolboxes\Data Management Tools.tbx\CalculateField" Date="20131107" Time="130609">CalculateField Precincts_New_Clean Coun_Dist "A" VB #</Process><Process ToolSource="C:\Program Files (x86)\ArcGIS\Desktop10.0\ArcToolbox\Toolboxes\Data Management Tools.tbx\CalculateField" Date="20131107" Time="130726">CalculateField Precincts_New_Clean Coun_Dist "A" VB #</Process><Process ToolSource="C:\Program Files (x86)\ArcGIS\Desktop10.0\ArcToolbox\Toolboxes\Data Management Tools.tbx\CalculateField" Date="20131107" Time="130933">CalculateField Precincts_New_Clean Coun_Dist "C" VB #</Process><Process ToolSource="C:\Program Files (x86)\ArcGIS\Desktop10.0\ArcToolbox\Toolboxes\Data Management Tools.tbx\CalculateField" Date="20131107" Time="131008">CalculateField Precincts_New_Clean Coun_Dist "C" VB #</Process><Process ToolSource="C:\Program Files (x86)\ArcGIS\Desktop10.0\ArcToolbox\Toolboxes\Data Management Tools.tbx\CalculateField" Date="20131107" Time="131045">CalculateField Precincts_New_Clean Coun_Dist "C" VB #</Process><Process ToolSource="C:\Program Files (x86)\ArcGIS\Desktop10.0\ArcToolbox\Toolboxes\Data Management Tools.tbx\CalculateField" Date="20131107" Time="131142">CalculateField Precincts_New_Clean Coun_Dist "C" VB #</Process><Process ToolSource="C:\Program Files (x86)\ArcGIS\Desktop10.0\ArcToolbox\Toolboxes\Data Management Tools.tbx\CalculateField" Date="20131107" Time="131239">CalculateField Precincts_New_Clean Coun_Dist "C" VB #</Process><Process ToolSource="C:\Program Files (x86)\ArcGIS\Desktop10.0\ArcToolbox\Toolboxes\Data Management Tools.tbx\CalculateField" Date="20131107" Time="131352">CalculateField Precincts_New_Clean Coun_Dist "C" VB #</Process><Process ToolSource="C:\Program Files (x86)\ArcGIS\Desktop10.0\ArcToolbox\Toolboxes\Data Management Tools.tbx\CalculateField" Date="20131107" Time="131619">CalculateField Precincts_New_Clean Coun_Dist "C" VB #</Process><Process ToolSource="C:\Program Files (x86)\ArcGIS\Desktop10.0\ArcToolbox\Toolboxes\Data Management Tools.tbx\CalculateField" Date="20131107" Time="132245">CalculateField Precincts_New_Clean Coun_Dist "E" VB #</Process><Process ToolSource="C:\Program Files (x86)\ArcGIS\Desktop10.0\ArcToolbox\Toolboxes\Data Management Tools.tbx\CalculateField" Date="20131107" Time="133030">CalculateField Precincts_New_Clean Coun_Dist "D" VB #</Process><Process ToolSource="C:\Program Files (x86)\ArcGIS\Desktop10.0\ArcToolbox\Toolboxes\Data Management Tools.tbx\CalculateField" Date="20131107" Time="133105">CalculateField Precincts_New_Clean Coun_Dist "D" VB #</Process><Process ToolSource="C:\Program Files (x86)\ArcGIS\Desktop10.0\ArcToolbox\Toolboxes\Data Management Tools.tbx\CalculateField" Date="20131107" Time="133159">CalculateField Precincts_New_Clean Coun_Dist "D" VB #</Process><Process ToolSource="C:\Program Files (x86)\ArcGIS\Desktop10.0\ArcToolbox\Toolboxes\Data Management Tools.tbx\CalculateField" Date="20131107" Time="133512">CalculateField Precincts_New_Clean Coun_Dist "D" VB #</Process><Process ToolSource="C:\Program Files (x86)\ArcGIS\Desktop10.0\ArcToolbox\Toolboxes\Data Management Tools.tbx\CalculateField" Date="20131107" Time="133730">CalculateField Precincts_New_Clean Coun_Dist "D" VB #</Process><Process ToolSource="C:\Program Files (x86)\ArcGIS\Desktop10.0\ArcToolbox\Toolboxes\Data Management Tools.tbx\CalculateField" Date="20131107" Time="134132">CalculateField Precincts_New_Clean Coun_Dist "D" VB #</Process><Process ToolSource="c:\program files (x86)\arcgis\desktop10.0\ArcToolbox\Toolboxes\Conversion Tools.tbx\FeatureClassToFeatureClass" Date="20131107" Time="160336">FeatureClassToFeatureClass C:\Doug\Databases\Precincts.mdb\Precincts_New_Clean C:\Doug\Databases\Precincts.mdb VotingPrecincts # "OBJECTID "OBJECTID" true true false 4 Long 0 0 ,First,#,C:\Doug\Databases\Precincts.mdb\Precincts_New_Clean,OBJECTID,-1,-1;COUNTYNAME "COUNTYNAME" true true false 20 Text 0 0 ,First,#,C:\Doug\Databases\Precincts.mdb\Precincts_New_Clean,COUNTYNAME,-1,-1;COUNTY_KEY "COUNTY_KEY" true true false 5 Text 0 0 ,First,#,C:\Doug\Databases\Precincts.mdb\Precincts_New_Clean,COUNTY_KEY,-1,-1;Ward "Ward" true true false 5 Text 0 0 ,First,#,C:\Doug\Databases\Precincts.mdb\Precincts_New_Clean,Ward,-1,-1;Precinct "Precinct" true true false 5 Text 0 0 ,First,#,C:\Doug\Databases\Precincts.mdb\Precincts_New_Clean,Precinct,-1,-1;Ward_Pct "Ward_Pct" true true false 10 Text 0 0 ,First,#,C:\Doug\Databases\Precincts.mdb\Precincts_New_Clean,Ward_Pct,-1,-1;Cong_Dist_ "Cong_Dist_" true true false 5 Text 0 0 ,First,#,C:\Doug\Databases\Precincts.mdb\Precincts_New_Clean,Cong_Dist_,-1,-1;LA_Senate_ "LA_Senate_" true true false 5 Text 0 0 ,First,#,C:\Doug\Databases\Precincts.mdb\Precincts_New_Clean,LA_Senate_,-1,-1;LA_House_2 "LA_House_2" true true false 5 Text 0 0 ,First,#,C:\Doug\Databases\Precincts.mdb\Precincts_New_Clean,LA_House_2,-1,-1;Shape_Length "Shape_Length" false true true 8 Double 0 0 ,First,#,C:\Doug\Databases\Precincts.mdb\Precincts_New_Clean,Shape_Length,-1,-1;Shape_Area "Shape_Area" false true true 8 Double 0 0 ,First,#,C:\Doug\Databases\Precincts.mdb\Precincts_New_Clean,Shape_Area,-1,-1;Coun_Dist "Coun_Dist" true true false 5 Text 0 0 ,First,#,C:\Doug\Databases\Precincts.mdb\Precincts_New_Clean,Coun_Dist,-1,-1" #</Process><Process ToolSource="C:\Program Files (x86)\ArcGIS\Desktop10.0\ArcToolbox\Toolboxes\Data Management Tools.tbx\CalculateField" Date="20131107" Time="160845">CalculateField VotingPrecincts COUNTY [COUNTYNAME] VB #</Process><Process ToolSource="C:\Program Files (x86)\ArcGIS\Desktop10.0\ArcToolbox\Toolboxes\Data Management Tools.tbx\CalculateField" Date="20131107" Time="160931">CalculateField VotingPrecincts LASTUPDATE "11/7/2013" VB #</Process><Process ToolSource="C:\Program Files (x86)\ArcGIS\Desktop10.0\ArcToolbox\Toolboxes\Data Management Tools.tbx\CalculateField" Date="20131107" Time="160951">CalculateField VotingPrecincts LASTEDITOR "DPAULSON" VB #</Process><Process ToolSource="C:\Program Files (x86)\ArcGIS\Desktop10.0\ArcToolbox\Toolboxes\Data Management Tools.tbx\CalculateField" Date="20131107" Time="162205">CalculateField VotingPrecincts PRECINCTID [Ward_Pct] VB #</Process><Process ToolSource="C:\Program Files (x86)\ArcGIS\Desktop10.0\ArcToolbox\Toolboxes\Data Management Tools.tbx\CalculateField" Date="20131107" Time="162836">CalculateField VotingPrecincts AUTHORITY "New Orleans, Louisiana, Code of Ordinances, Chapter 58, Section 58-36" VB #</Process><Process ToolSource="C:\Program Files (x86)\ArcGIS\Desktop10.0\ArcToolbox\Toolboxes\Data Management Tools.tbx\CalculateField" Date="20131107" Time="162934">CalculateField VotingPrecincts auth "New Orleans, Louisiana, Code of Ordinances, Chapter 58, Section 58-36" VB #</Process></lineage><itemProps><itemLocation><linkage Sync="TRUE">file://\\ITI-1039L\C$\Doug\Databases\Precincts.mdb</linkage><protocol Sync="TRUE">Local Area Network</protocol></itemLocation><itemName Sync="TRUE">VotingPrecincts</itemName><imsContentType Sync="TRUE">002</imsContentType></itemProps><coordRef><type Sync="TRUE">Projected</type><geogcsn Sync="TRUE">GCS_North_American_1983</geogcsn><csUnits Sync="TRUE">Linear Unit: Foot_US (0.304801)</csUnits><projcsn Sync="TRUE">NAD_1983_StatePlane_Louisiana_South_FIPS_1702_Feet</projcsn><peXml Sync="TRUE">&lt;ProjectedCoordinateSystem xsi:type='typens:ProjectedCoordinateSystem' xmlns:xsi='http://www.w3.org/2001/XMLSchema-instance' xmlns:xs='http://www.w3.org/2001/XMLSchema' xmlns:typens='http://www.esri.com/schemas/ArcGIS/10.0'&gt;&lt;WKT&gt;PROJCS[&amp;quot;NAD_1983_StatePlane_Louisiana_South_FIPS_1702_Feet&amp;quot;,GEOGCS[&amp;quot;GCS_North_American_1983&amp;quot;,DATUM[&amp;quot;D_North_American_1983&amp;quot;,SPHEROID[&amp;quot;GRS_1980&amp;quot;,6378137.0,298.257222101]],PRIMEM[&amp;quot;Greenwich&amp;quot;,0.0],UNIT[&amp;quot;Degree&amp;quot;,0.0174532925199433]],PROJECTION[&amp;quot;Lambert_Conformal_Conic&amp;quot;],PARAMETER[&amp;quot;False_Easting&amp;quot;,3280833.333333333],PARAMETER[&amp;quot;False_Northing&amp;quot;,0.0],PARAMETER[&amp;quot;Central_Meridian&amp;quot;,-91.33333333333333],PARAMETER[&amp;quot;Standard_Parallel_1&amp;quot;,29.3],PARAMETER[&amp;quot;Standard_Parallel_2&amp;quot;,30.7],PARAMETER[&amp;quot;Latitude_Of_Origin&amp;quot;,28.5],UNIT[&amp;quot;Foot_US&amp;quot;,0.3048006096012192],AUTHORITY[&amp;quot;EPSG&amp;quot;,3452]]&lt;/WKT&gt;&lt;XOrigin&gt;-124791100&lt;/XOrigin&gt;&lt;YOrigin&gt;-91255500&lt;/YOrigin&gt;&lt;XYScale&gt;3048.0060960121914&lt;/XYScale&gt;&lt;ZOrigin&gt;-100000&lt;/ZOrigin&gt;&lt;ZScale&gt;10000&lt;/ZScale&gt;&lt;MOrigin&gt;-100000&lt;/MOrigin&gt;&lt;MScale&gt;10000&lt;/MScale&gt;&lt;XYTolerance&gt;0.0032808333333333335&lt;/XYTolerance&gt;&lt;ZTolerance&gt;0.001&lt;/ZTolerance&gt;&lt;MTolerance&gt;0.001&lt;/MTolerance&gt;&lt;HighPrecision&gt;true&lt;/HighPrecision&gt;&lt;WKID&gt;3452&lt;/WKID&gt;&lt;/ProjectedCoordinateSystem&gt;</peXml></coordRef></DataProperties><ArcGISFormat>1.0</ArcGISFormat><ArcGISstyle>FGDC CSDGM Metadata</ArcGISstyle><ArcGISProfile>FGDC</ArcGISProfile></Esri><idinfo><native Sync="TRUE">Microsoft Windows XP Version 5.1 (Build 2600) Service Pack 3; ESRI ArcCatalog 9.2.6.1500</native><descript><langdata Sync="TRUE">en</langdata><abstract>Orleans Parish/City of New Orleans boundary polygon. Basis: Code of the City of New Orleans, Louisisna; Part I, Charter; Article I, Section 1-103. - Boundaries of the City</abstract><purpose>The City of New Orleans Office of Information Technology &amp; Innovation creates, collects and stores GIS infrastructure and other data.  Data are provided by various departments within the City, other government entities, utilities, and private enterprise.  The primary purpose for maintaining this enterprise GIS is to provide spatial analysis, decision support and mapping services to all City Departments.</purpose></descript><citation><citeinfo><title Sync="TRUE">cnogis.CNOGISOWNER.Orleans_Parish</title><ftname Sync="TRUE">cnogis.CNOGISOWNER.Orleans_Parish</ftname><pubtime>Unknown</pubtime><onlink Sync="TRUE">Server=10.4.1.119; Service=5151; Database=cnogis; User=cnogisowner; Version=sde.DEFAULT</onlink><geoform Sync="TRUE">vector digital data</geoform></citeinfo></citation><timeperd><current>ground condition</current><timeinfo><sngdate><caldate>2/13/2012</caldate></sngdate></timeinfo></timeperd><status><progress>Complete</progress><update>As needed</update></status><spdom><bounding><westbc Sync="TRUE">-90.140984</westbc><eastbc Sync="TRUE">-89.624258</eastbc><northbc Sync="TRUE">30.201956</northbc><southbc Sync="TRUE">29.862207</southbc></bounding><lboundng><leftbc Sync="TRUE">3658743.204414</leftbc><rightbc Sync="TRUE">3820725.379541</rightbc><bottombc Sync="TRUE">499395.717541</bottombc><topbc Sync="TRUE">620909.967638</topbc></lboundng></spdom><keywords><theme><themekt>REQUIRED: Reference to a formally registered thesaurus or a similar authoritative source of theme keywords.</themekt><themekey>parish</themekey><themekey>boundary</themekey><themekey>orleans</themekey></theme></keywords><accconst>The City of New Orleans GIS Department has access and usage constraints for their GIS Datasets. No data should be transferred outside of the department without the permission of the GIS Department.</accconst><useconst>The City of New Orleans GIS Department has access and usage constraints for their GIS Datasets. No data should be transferred outside of the department without the permission of the GIS Department.</useconst><natvform Sync="TRUE">SDE Feature Class</natvform><ptcontac><cntinfo><cntorgp><cntorg>City of New Orleans GIS Department</cntorg><cntper>Richard Poche</cntper></cntorgp><cntvoice>504-658-7675</cntvoice><cntemail>gis@cityofno.com</cntemail><hours>9:00 AM - 5:00 PM, CST</hours></cntinfo></ptcontac></idinfo><dataIdInfo><envirDesc Sync="TRUE">Microsoft Windows 7 Version 6.1 (Build 7601) Service Pack 1; ESRI ArcGIS 10.0.3.3600</envirDesc><dataLang><languageCode Sync="TRUE" value="eng"/><countryCode value="USA" Sync="TRUE"/></dataLang><idCitation xmlns=""><resTitle Sync="TRUE">VotingPrecincts</resTitle><presForm xmlns=""><PresFormCd Sync="TRUE" value="005"/></presForm><citRespParty xmlns=""><rpOrgName>City of New Orleans – Office of Information Technology &amp; Innovation, Enterprise Information Team</rpOrgName><rpPosName>GIs Manager</rpPosName><rpCntInfo xmlns=""><cntAddress addressType="both"><delPoint>1300 Perdido St</delPoint><city>New Orleans</city><adminArea>Louisiana</adminArea><postCode>70112</postCode><eMailAdd>gis@nola.gov</eMailAdd><country>USA</country></cntAddress><cntHours>M-F, 9am-5pm, Central</cntHours></rpCntInfo><role><RoleCd value="007"/></role></citRespParty></idCitation><spatRpType><SpatRepTypCd Sync="TRUE" value="001"/></spatRpType><dataExt xmlns=""><geoEle><GeoBndBox esriExtentType="native"><westBL Sync="TRUE">3658743.204414</westBL><eastBL Sync="TRUE">3820725.379541</eastBL><northBL Sync="TRUE">620909.967638</northBL><southBL Sync="TRUE">499395.717541</southBL><exTypeCode Sync="TRUE">1</exTypeCode></GeoBndBox></geoEle></dataExt><geoBox esriExtentType="decdegrees"><westBL Sync="TRUE">-90.140984</westBL><eastBL Sync="TRUE">-89.624258</eastBL><northBL Sync="TRUE">30.201956</northBL><southBL Sync="TRUE">29.862207</southBL><exTypeCode Sync="TRUE">1</exTypeCode></geoBox><idPurp>The City of New Orleans Office of Information Technology &amp; Innovation creates, collects and stores GIS infrastructure and other data.  Data are provided by various departments within the City, other government entities, utilities, and private enterprise.  The primary purpose for maintaining this enterprise GIS is to provide spatial analysis, decision support and mapping services to all City Departments.</idPurp><idAbs>&lt;DIV STYLE="text-align:Left;"&gt;&lt;DIV&gt;&lt;DIV&gt;&lt;P&gt;&lt;SPAN&gt;Orleans Parish/City of New Orleans boundary polygon. Boundary has been split between the area that is mostly land and the area extending into Lake Pontchartrain. Basis: Code of the City of New Orleans, Louisiana; Part I, Charter; Article I, Section 1-103. - Boundaries of the City&lt;/SPAN&gt;&lt;/P&gt;&lt;/DIV&gt;&lt;/DIV&gt;&lt;/DIV&gt;</idAbs><searchKeys><keyword>New Orleans</keyword><keyword>Orleans Parish</keyword><keyword>boundary</keyword></searchKeys><resConst><Consts><useLimit>The City of New Orleans does not assume any liability for damages arising from errors, omissions, or use of this information.  End users are advised to be aware of the published accuracy, date, compilation methods, and cartographic format as described in the accompanying metadata, and are advised to utilize these data appropriately.</useLimit></Consts></resConst><dataChar><CharSetCd value="004"/></dataChar><idStatus><ProgCd value="001"/></idStatus><tpCat><TopicCatCd value="003"/></tpCat></dataIdInfo><metainfo><langmeta Sync="TRUE">en</langmeta><metstdn Sync="TRUE">FGDC Content Standards for Digital Geospatial Metadata</metstdn><metstdv Sync="TRUE">FGDC-STD-001-1998</metstdv><mettc Sync="TRUE">local time</mettc><metc><cntinfo><cntorgp><cntorg>City of New Orleans GIS Department</cntorg></cntorgp><cntaddr><addrtype>mailing and physical address</addrtype><city>New Orleans</city><state>LA</state><postal>70112</postal><address>Suit BW15, 1300 Perdido St.</address><country>USA</country></cntaddr><cntvoice>504-658-7675</cntvoice><cntemail>gis@cityofno.com</cntemail><hours>9:00 AM - 5:00 PM, CST</hours></cntinfo></metc><metd Sync="TRUE">20120629</metd></metainfo><mdLang><languageCode Sync="TRUE" value="eng"/><countryCode value="USA" Sync="TRUE"/></mdLang><mdStanName Sync="TRUE">ISO 19115 Geographic Information - Metadata</mdStanName><mdStanVer Sync="TRUE">DIS_ESRI1.0</mdStanVer><mdChar><CharSetCd Sync="TRUE" value="004"/></mdChar><mdHrLv><ScopeCd Sync="TRUE" value="005"/></mdHrLv><mdHrLvName Sync="TRUE">dataset</mdHrLvName><distinfo><distrib><cntinfo><cntorgp><cntorg>City of New Orleans GIs Department</cntorg></cntorgp></cntinfo></distrib><resdesc Sync="TRUE">Downloadable Data</resdesc><stdorder><digform><digtinfo><transize Sync="TRUE">0.000</transize><dssize Sync="TRUE">0.000</dssize></digtinfo></digform></stdorder></distinfo><distInfo><distributor><distorTran><onLineSrc><orDesc Sync="TRUE">002</orDesc><linkage Sync="TRUE">Server=10.4.1.119; Service=5151; Database=cnogis; User=cnogisowner; Version=sde.DEFAULT</linkage><protocol Sync="TRUE">ArcSDE Connection</protocol></onLineSrc><transSize Sync="TRUE">0.000</transSize></distorTran><distorFormat><formatName Sync="TRUE">SDE Feature Class</formatName></distorFormat></distributor><distFormat><formatName Sync="TRUE">Personal GeoDatabase Feature Class</formatName></distFormat></distInfo><mdDateSt Sync="TRUE">20131107</mdDateSt><spdoinfo><direct Sync="TRUE">Vector</direct><ptvctinf><esriterm><efeatyp Sync="TRUE">Simple</efeatyp><efeageom code="4" Sync="TRUE"></efeageom><esritopo Sync="TRUE">FALSE</esritopo><efeacnt Sync="TRUE">0</efeacnt><spindex Sync="TRUE">TRUE</spindex><linrefer Sync="TRUE">FALSE</linrefer></esriterm></ptvctinf></spdoinfo><eainfo><detailed Name="VotingPrecincts"><enttyp><enttypl Sync="TRUE">VotingPrecincts</enttypl><enttypt Sync="TRUE">Feature Class</enttypt><enttypc Sync="TRUE">0</enttypc></enttyp><attr><attrlabl Sync="TRUE">OBJECTID</attrlabl><attalias Sync="TRUE">OBJECTID_1</attalias><attrtype Sync="TRUE">OID</attrtype><attwidth Sync="TRUE">4</attwidth><atprecis Sync="TRUE">0</atprecis><attscale Sync="TRUE">0</attscale><attrdef Sync="TRUE">Internal feature number.</attrdef><attrdefs Sync="TRUE">ESRI</attrdefs><attrdomv><udom Sync="TRUE">Sequential unique whole numbers that are automatically generated.</udom></attrdomv></attr><attr><attrlabl Sync="TRUE">Shape</attrlabl><attalias Sync="TRUE">Shape</attalias><attrtype Sync="TRUE">Geometry</attrtype><attwidth Sync="TRUE">0</attwidth><attrdef Sync="TRUE">Feature geometry.</attrdef><attrdefs Sync="TRUE">ESRI</attrdefs><attrdomv><udom Sync="TRUE">Coordinates defining the features.</udom></attrdomv><atprecis Sync="TRUE">0</atprecis><attscale Sync="TRUE">0</attscale></attr><attr><attrlabl Sync="TRUE">SHAPE</attrlabl><attalias Sync="TRUE">COUNTYNAME</attalias><attrtype Sync="TRUE">String</attrtype><attwidth Sync="TRUE">20</attwidth><attrdef Sync="TRUE">Feature geometry.</attrdef><attrdefs Sync="TRUE">ESRI</attrdefs><attrdomv><udom Sync="TRUE">Coordinates defining the features.</udom></attrdomv><atprecis Sync="TRUE">0</atprecis><attscale Sync="TRUE">0</attscale></attr><attr><attrlabl Sync="TRUE">COUNTYNAME</attrlabl><attalias Sync="TRUE">Cong_Dist_</attalias><attrtype Sync="TRUE">String</attrtype><attwidth Sync="TRUE">5</attwidth><atprecis Sync="TRUE">0</atprecis><attscale Sync="TRUE">0</attscale><attrdef Sync="TRUE">Internal feature number.</attrdef><attrdefs Sync="TRUE">ESRI</attrdefs><attrdomv><udom Sync="TRUE">Sequential unique whole numbers that are automatically generated.</udom></attrdomv></attr><attr><attrlabl Sync="TRUE">Cong_Dist_</attrlabl><attalias Sync="TRUE">LA_Senate_</attalias><attrtype Sync="TRUE">String</attrtype><attwidth Sync="TRUE">5</attwidth><atprecis Sync="TRUE">0</atprecis><attscale Sync="TRUE">0</attscale><attrdef Sync="TRUE">Internal feature number.</attrdef><attrdefs Sync="TRUE">ESRI</attrdefs><attrdomv><udom Sync="TRUE">Sequential unique whole numbers that are automatically generated.</udom></attrdomv></attr><attr><attrlabl Sync="TRUE">LA_Senate_</attrlabl><attalias Sync="TRUE">LA_House_2</attalias><attrtype Sync="TRUE">String</attrtype><attwidth Sync="TRUE">5</attwidth><atprecis Sync="TRUE">0</atprecis><attscale Sync="TRUE">0</attscale><attrdef Sync="TRUE">Internal feature number.</attrdef><attrdefs Sync="TRUE">ESRI</attrdefs><attrdomv><udom Sync="TRUE">Sequential unique whole numbers that are automatically generated.</udom></attrdomv></attr><attr><attrlabl Sync="TRUE">LA_House_2</attrlabl><attalias Sync="TRUE">Ward</attalias><attrtype Sync="TRUE">String</attrtype><attwidth Sync="TRUE">5</attwidth><atprecis Sync="TRUE">0</atprecis><attscale Sync="TRUE">0</attscale><attrdef Sync="TRUE">Internal feature number.</attrdef><attrdefs Sync="TRUE">ESRI</attrdefs><attrdomv><udom Sync="TRUE">Sequential unique whole numbers that are automatically generated.</udom></attrdomv></attr><attr><attrlabl Sync="TRUE">Ward</attrlabl><attalias Sync="TRUE">Precinct</attalias><attrtype Sync="TRUE">String</attrtype><attwidth Sync="TRUE">5</attwidth><atprecis Sync="TRUE">0</atprecis><attscale Sync="TRUE">0</attscale><attrdef Sync="TRUE">Internal feature number.</attrdef><attrdefs Sync="TRUE">ESRI</attrdefs><attrdomv><udom Sync="TRUE">Sequential unique whole numbers that are automatically generated.</udom></attrdomv></attr><attr><attrlabl Sync="TRUE">Precinct</attrlabl><attalias Sync="TRUE">Ward_Pct</attalias><attrtype Sync="TRUE">String</attrtype><attwidth Sync="TRUE">10</attwidth><atprecis Sync="TRUE">0</atprecis><attscale Sync="TRUE">0</attscale><attrdef Sync="TRUE">Internal feature number.</attrdef><attrdefs Sync="TRUE">ESRI</attrdefs><attrdomv><udom Sync="TRUE">Sequential unique whole numbers that are automatically generated.</udom></attrdomv></attr><attr><attrlabl Sync="TRUE">Ward_Pct</attrlabl><attalias Sync="TRUE">COUNTY_KEY</attalias><attrtype Sync="TRUE">String</attrtype><attwidth Sync="TRUE">5</attwidth><atprecis Sync="TRUE">0</atprecis><attscale Sync="TRUE">0</attscale><attrdef Sync="TRUE">Internal feature number.</attrdef><attrdefs Sync="TRUE">ESRI</attrdefs><attrdomv><udom Sync="TRUE">Sequential unique whole numbers that are automatically generated.</udom></attrdomv></attr><attr><attrlabl Sync="TRUE">COUNTY_KEY</attrlabl><attalias Sync="TRUE">Shape_Length</attalias><attrtype Sync="TRUE">Double</attrtype><attwidth Sync="TRUE">8</attwidth><atprecis Sync="TRUE">0</atprecis><attscale Sync="TRUE">0</attscale><attrdef Sync="TRUE">Length of feature in internal units.</attrdef><attrdefs Sync="TRUE">ESRI</attrdefs><attrdomv><udom Sync="TRUE">Positive real numbers that are automatically generated.</udom></attrdomv></attr><attr><attrlabl Sync="TRUE">Coun_Dist</attrlabl><attalias Sync="TRUE">Coun_Dist</attalias><attrtype Sync="TRUE">String</attrtype><attwidth Sync="TRUE">5</attwidth><atprecis Sync="TRUE">0</atprecis><attscale Sync="TRUE">0</attscale></attr><attr><attrlabl Sync="TRUE">SHAPE_Length</attrlabl><attalias Sync="TRUE">Shape_Area</attalias><attrtype Sync="TRUE">Double</attrtype><attwidth Sync="TRUE">8</attwidth><atprecis Sync="TRUE">0</atprecis><attscale Sync="TRUE">0</attscale><attrdef Sync="TRUE">Length of feature in internal units.</attrdef><attrdefs Sync="TRUE">ESRI</attrdefs><attrdomv><udom Sync="TRUE">Positive real numbers that are automatically generated.</udom></attrdomv></attr><attr><attrlabl Sync="TRUE">SHAPE_Area</attrlabl><attalias Sync="TRUE">OBJECTID</attalias><attrtype Sync="TRUE">Integer</attrtype><attwidth Sync="TRUE">4</attwidth><atprecis Sync="TRUE">0</atprecis><attscale Sync="TRUE">0</attscale><attrdef Sync="TRUE">Area of feature in internal units squared.</attrdef><attrdefs Sync="TRUE">ESRI</attrdefs><attrdomv><udom Sync="TRUE">Positive real numbers that are automatically generated.</udom></attrdomv></attr></detailed></eainfo><dataqual><lineage><procstep><procdesc Sync="TRUE">Dataset copied.</procdesc><srcused Sync="TRUE">X:\GIS-RAW\GIS_Working\COP\Metadata\Outgoing\loaded_drainage_basins.txt</srcused><date Sync="TRUE">20061016</date><time Sync="TRUE">16163300</time></procstep><procstep><procdesc Sync="TRUE">Dataset copied.</procdesc><srcused Sync="TRUE">X:\GIS-RAW\GIS_Working\COP\Metadata\Working\Kristin\parish_boundaries.txt</srcused><date Sync="TRUE">20061016</date><time Sync="TRUE">16235400</time></procstep><procstep><procdesc Sync="TRUE">Dataset copied.</procdesc><srcused Sync="TRUE">X:\GIS-RAW\GIS_Working\COP\Metadata\Working\Kristin\parish_boundaries.txt</srcused><date Sync="TRUE">20061016</date><time Sync="TRUE">16281600</time></procstep><procstep><procdesc Sync="TRUE">Dataset moved.</procdesc><srcused Sync="TRUE">X:\GIS-RAW\GIS_Working\COP\Metadata\Working\Kristin\parish_boundaries.txt</srcused><date Sync="TRUE">20061016</date><time Sync="TRUE">16425100</time></procstep><procstep><procdesc Sync="TRUE">Metadata imported.</procdesc><srcused Sync="TRUE">X:\GIS-RAW\GIS_Working\COP\Metadata\Outgoing\parish_boundaries.txt.xml</srcused><date Sync="TRUE">20061016</date><time Sync="TRUE">16513300</time></procstep><procstep><procdesc Sync="TRUE">Dataset copied.</procdesc><srcused Sync="TRUE">Server=10.4.1.119; Service=5151; Database=cnogis; User=cnogisviewer; Version=sde.DEFAULT</srcused><procdate Sync="TRUE">20111011</procdate><proctime Sync="TRUE">12565000</proctime></procstep><procstep><procdesc Sync="TRUE">Dataset copied.</procdesc><srcused Sync="TRUE"/><procdate Sync="TRUE">20120120</procdate><proctime Sync="TRUE">09193000</proctime></procstep><procstep><procdesc Sync="TRUE">Dataset copied.</procdesc><srcused Sync="TRUE">Server=10.4.1.119; Service=5151; Database=cnogis; User=cnogisowner; Version=sde.DEFAULT</srcused><date Sync="TRUE">20120209</date><time Sync="TRUE">15311600</time></procstep><procstep><procdesc Sync="TRUE">Dataset copied.</procdesc><srcused Sync="TRUE"/><procdate Sync="TRUE">20120210</procdate><proctime Sync="TRUE">10471700</proctime></procstep></lineage></dataqual><spref><horizsys><cordsysn><geogcsn Sync="TRUE">GCS_North_American_1983</geogcsn><projcsn Sync="TRUE">NAD_1983_StatePlane_Louisiana_South_FIPS_1702_Feet</projcsn></cordsysn><planar><planci><plance Sync="TRUE">coordinate pair</plance><plandu Sync="TRUE">survey feet</plandu><coordrep><absres Sync="TRUE">0.000256</absres><ordres Sync="TRUE">0.000256</ordres></coordrep></planci></planar><geodetic><horizdn Sync="TRUE">North American Datum of 1983</horizdn><ellips Sync="TRUE">Geodetic Reference System 80</ellips><semiaxis Sync="TRUE">6378137.000000</semiaxis><denflat Sync="TRUE">298.257222</denflat></geodetic></horizsys><vertdef><altsys><altenc Sync="TRUE">Explicit elevation coordinate included with horizontal coordinates</altenc><altres Sync="TRUE">1.000000</altres></altsys></vertdef></spref><refSysInfo><RefSystem><refSysID><identCode Sync="TRUE" value="3452">NAD_1983_StatePlane_Louisiana_South_FIPS_1702_Feet</identCode><idCodeSpace Sync="TRUE">EPSG</idCodeSpace><idVersion Sync="TRUE">7.4.1</idVersion></refSysID></RefSystem></refSysInfo><spatRepInfo><VectSpatRep><geometObjs Name="VotingPrecincts"><geoObjTyp><GeoObjTypCd value="002" Sync="TRUE"></GeoObjTypCd></geoObjTyp><geoObjCnt Sync="TRUE">0</geoObjCnt></geometObjs><topLvl><TopoLevCd value="001" Sync="TRUE"></TopoLevCd></topLvl></VectSpatRep></spatRepInfo><mdContact xmlns=""><rpOrgName>City of New Orleans – Office of Information Technology &amp; Innovation, Enterprise Information Team</rpOrgName><rpPosName>GIs Manager</rpPosName><rpCntInfo xmlns=""><cntAddress addressType="both"><delPoint>1300 Perdido St</delPoint><city>New Orleans</city><adminArea>Louisiana</adminArea><postCode>70112</postCode><eMailAdd>gis@nola.gov</eMailAdd><country>USA</country></cntAddress><cntHours>M-F, 9am-5pm, Central</cntHours></rpCntInfo><role><RoleCd value="007"/></role></mdContact><mdMaint xmlns=""><maintFreq><MaintFreqCd value="009"/></maintFreq></mdMaint></metadata>
